Date,Open,High,Low,Last,Close,Total Trade Quantity,Turnover (Lacs)
04-01-2010,1613,1629.1,1602,1629,1625.65,9365,151.74
05-01-2010,1639.95,1639.95,1611.05,1620,1616.8,38148,622.58
06-01-2010,1618,1644,1617,1639,1638.5,36519,595.09
07-01-2010,1645,1654,1636,1648,1648.7,12809,211
08-01-2010,1650,1650,1626.55,1640,1639.8,28035,459.11
11-01-2010,1659,1694.95,1601.05,1630,1629.45,10566,173.4
12-01-2010,1630,1635,1578,1592,1583.85,47274,756.75
13-01-2010,1592,1605.9,1566,1568,1571.3,20709,327.53
14-01-2010,1580,1595,1562.4,1572.2,1573.55,13453,212.09
15-01-2010,1581.1,1585,1565,1565.15,1570.4,6408,101.06
18-01-2010,1570,1579.9,1556.2,1564.5,1562.5,6047,94.87
19-01-2010,1570,1598,1555.5,1560.6,1559.95,3251,50.94
20-01-2010,1560.1,1585,1552.5,1565.4,1563.45,7712,121.25
21-01-2010,1555,1570,1533.7,1533.7,1539.55,20405,315
22-01-2010,1531,1531,1490.1,1515,1514.3,20751,314.32
25-01-2010,1525,1539.9,1502,1530,1532.05,15467,235.22
27-01-2010,1522,1545,1505.05,1530,1523.4,14413,219.54
28-01-2010,1544,1544,1518.25,1530,1526,46837,713.84
29-01-2010,1530,1535.75,1515,1516.5,1520.45,14737,224.41
01-02-2010,1521,1545,1501,1540.25,1540.75,18281,279.03
02-02-2010,1531,1559.95,1531,1535.8,1540.15,28563,440.34
03-02-2010,1559.95,1578,1533,1570,1564.8,12306,192.21
04-02-2010,1564.8,1572,1558,1560,1561.3,12155,189.99
05-02-2010,1549.9,1580,1516.2,1557.25,1559.95,81953,1280.06
06-02-2010,1560,1569.75,1556.2,1563.25,1561.9,850,13.27
08-02-2010,1567,1573.9,1502.5,1522,1529.1,9232,141.55
09-02-2010,1515.45,1549.5,1514.65,1540,1530.4,26450,401.94
10-02-2010,1521,1566.95,1520,1564,1561.05,12861,199.67
11-02-2010,1560,1588,1560,1579.1,1578.85,8810,139.02
15-02-2010,1579.15,1614.4,1576,1576.55,1578.95,28007,443.56
16-02-2010,1587.9,1593.7,1556.1,1570,1569.3,16534,260.93
17-02-2010,1575,1597.8,1575,1581.35,1584.45,5140,81.31
18-02-2010,1593,1593,1577.1,1580,1580.35,16758,264.8
19-02-2010,1585,1659.75,1580,1655,1651.55,80347,1311.92
22-02-2010,1660,1684,1644,1679.95,1680.25,126643,2118.5
23-02-2010,1670.05,1725,1670.05,1715,1711.35,182608,3132.8
24-02-2010,1691,1718.95,1640.4,1712.1,1710.2,15432,261.95
25-02-2010,1712.7,1731,1712.7,1722,1722.8,55489,955.66
26-02-2010,1722,1722,1701.2,1712,1709.9,40433,691.62
02-03-2010,1700,1717.9,1683,1710,1707.1,47698,816.36
03-03-2010,1692,1715,1691,1710.05,1710,229321,3921.39
04-03-2010,1711.25,1790,1705,1738.5,1739.55,46414,814.47
05-03-2010,1745.2,1769.85,1735,1749.7,1741.8,9152,160.15
08-03-2010,1782,1785,1742.25,1770,1772.55,24803,439.3
09-03-2010,1760,1782,1738.05,1753.25,1750.95,20980,367.61
10-03-2010,1750,1770,1732.05,1769.9,1767.65,90203,1586.3
11-03-2010,1755.05,1770,1735,1754.5,1744.95,6421,112.23
12-03-2010,1745.05,1768.5,1715.5,1730,1729.4,16660,290.55
15-03-2010,1715.1,1744.5,1690,1700,1697.55,10190,173.51
16-03-2010,1690,1711,1681.05,1703,1696.75,53708,910.92
17-03-2010,1705,1715,1683,1683,1692.3,59472,1009.54
18-03-2010,1682.35,1709.9,1681.25,1709.75,1702.05,82882,1408.99
19-03-2010,1709.15,1740,1691.25,1725,1725.2,53795,928.06
22-03-2010,1715.1,1754.8,1715.1,1740.2,1742.15,19470,339.21
23-03-2010,1747.9,1750,1730,1748,1745.9,11133,193.9
25-03-2010,1748,1756,1740,1748.85,1748.35,21027,367.37
26-03-2010,1753,1759.5,1746,1753,1748.85,15475,270.64
29-03-2010,1759.9,1760,1746,1760,1757.85,63119,1108.82
30-03-2010,1750,1774.45,1750,1770,1772.3,99865,1767.39
31-03-2010,1770,1785,1725,1784,1778,142728,2535.99
01-04-2010,1783,1784,1760,1773.9,1768.85,103913,1849.44
05-04-2010,1773.9,1798,1756,1781.4,1785.1,38226,680.31
06-04-2010,1786,1786,1755.05,1763.95,1762.85,4832,85.36
07-04-2010,1769,1779.8,1750.15,1762,1760.95,2080,36.73
08-04-2010,1754,1779.9,1754,1774.4,1770.05,5550,98.41
09-04-2010,1770,1782,1765,1780,1780.25,8545,151.84
12-04-2010,1766.7,1793,1751,1793,1789.75,25802,461.21
13-04-2010,1800,1807,1777.6,1800.1,1801.1,6865,123.49
15-04-2010,1809,1825,1800.15,1810.05,1810.2,17063,309.22
16-04-2010,1816,1851,1777,1827.55,1827.8,16988,310.57
19-04-2010,1824.9,1863.1,1801.45,1851.2,1851.6,12725,234.43
20-04-2010,1859,1869,1843.2,1867,1863.05,42372,788.2
21-04-2010,1864.9,1928.85,1850,1918.5,1917.3,21633,411.77
22-04-2010,1905,1925,1892,1909.7,1905.15,12795,244.18
23-04-2010,1924,1924,1890,1893,1898.6,5931,112.66
26-04-2010,1867.4,1912.9,1867.4,1883.65,1883.75,3970,74.85
27-04-2010,1890,1916.9,1882.25,1882.25,1885.45,9519,180.58
28-04-2010,1867.4,1915,1865,1897.5,1897.1,12973,246.05
29-04-2010,1900,1919.8,1877.1,1883,1882.8,11927,226.62
30-04-2010,1852.6,1930.2,1852.6,1919,1912.95,15018,283.52
03-05-2010,1919,1924.9,1895,1895.5,1898.5,8467,161.97
04-05-2010,1915,1915,1862,1908.45,1888.65,22248,420.05
05-05-2010,1880,1958.9,1880,1943.8,1945.6,57657,1119.09
06-05-2010,1917.25,1995,1917.25,1983,1985.3,31845,629.23
07-05-2010,1980,1980,1936,1945.3,1942.8,23462,458.33
10-05-2010,1947.1,2017.9,1947.1,1999.75,1996.1,20500,408.47
11-05-2010,1979,2014.7,1979,1990,1997.8,58479,1168.54
12-05-2010,1991,2064,1991,2055,2057.75,37022,753.23
13-05-2010,2024.75,2144.65,2024.75,2130,2132.4,37615,788.62
14-05-2010,2140,2150,2096,2139.2,2140,13180,281.2
17-05-2010,2133,2179,2119,2174,2160.45,7705,165.8
18-05-2010,2163,2274.95,2163,2184.9,2174.4,108426,2405.16
19-05-2010,2192.75,2192.75,2053,2067.2,2064.3,48709,1024.33
20-05-2010,2099.9,2100,2031.05,2085,2085.55,37182,769.98
21-05-2010,2040.05,2095,2031.1,2052,2043.95,27350,564.76
24-05-2010,2083.35,2083.35,2018,2024,2025.9,10441,213.17
25-05-2010,2020,2044,1995,2020,2008.95,14234,286.9
26-05-2010,2074,2074,2000,2010,2008.35,46650,938.13
27-05-2010,1991.5,2029.85,1951.15,1968.5,1981.1,83542,1659.32
28-05-2010,1975.5,2033.9,1970,1998,1995.9,26976,539.22
31-05-2010,2020,2119.9,1995.9,2114.5,2107.95,28412,589.11
01-06-2010,2105,2129.65,2080,2082.25,2087.9,9586,201.3
02-06-2010,2095,2127,2082.5,2106.1,2107.85,16172,340.86
03-06-2010,2135,2135,2055.3,2103,2080.45,54979,1144.39
04-06-2010,2164.4,2339,2032,2032.7,2035.2,75472,1542.72
07-06-2010,2010,2054,2005,2034,2030.6,14554,296.38
08-06-2010,2048.5,2084,2016,2030,2028.55,11452,235.23
09-06-2010,2048,2132,2025.45,2099.05,2103.2,31504,660.18
10-06-2010,2125,2133,2100,2108.5,2106.3,23126,488.85
11-06-2010,2130,2130,2035.15,2077.3,2076.9,26577,552.17
14-06-2010,2114.4,2149,2072,2079.5,2076.2,17498,366.06
15-06-2010,2090,2109,2066.1,2070,2077.5,20324,424.1
16-06-2010,2083,2099.7,2065.45,2084.3,2084.7,15733,328.46
17-06-2010,2098,2117.3,2071.8,2098,2096.7,21152,443.59
18-06-2010,2109.95,2125,2080,2090,2084.95,16135,338.68
21-06-2010,2054.4,2139.4,2048.6,2139.4,2123.25,36131,766.8
22-06-2010,2135,2168.9,2090,2097.8,2097.6,43509,929.35
23-06-2010,2119,2134.9,2095,2121.95,2119.55,40332,851.82
24-06-2010,2134,2159.9,2118.3,2154.95,2141.9,44796,956.25
25-06-2010,2154,2188,2150,2179.9,2174.55,31798,691.86
28-06-2010,2175,2205,2175,2188,2193.2,14803,325.19
29-06-2010,2204.55,2229.9,2190.1,2220,2218.25,26994,598.56
30-06-2010,2220,2230,2165,2185.05,2183.95,31274,685.14
01-07-2010,2200,2219.85,2180,2192.9,2188.6,6850,150.29
02-07-2010,2205.8,2205.8,2155,2163,2160.2,14217,308.31
05-07-2010,2193.9,2193.9,2148.3,2168.15,2169.4,38537,833.89
06-07-2010,2179,2179,2129,2143,2135.2,37998,815.63
07-07-2010,2159.5,2160,2125,2131.65,2133.4,10669,227.88
08-07-2010,2170,2170,2129.8,2132.15,2137.2,15401,329.38
09-07-2010,2161.15,2161.15,2096.5,2110,2110.05,37928,802.64
12-07-2010,2120,2128.8,2070,2082.3,2085.6,23033,481.18
13-07-2010,2090,2105,2036.35,2046,2047.3,42054,862.26
14-07-2010,2055.5,2111,2050,2088,2088.4,59560,1241.58
15-07-2010,2100,2110,2060.1,2064,2074.15,17707,369.51
16-07-2010,2074.15,2075,2036.05,2073,2068.9,38053,784.04
19-07-2010,2060,2085.3,2035.55,2050.3,2047.9,50187,1029.08
20-07-2010,2068,2068,2021,2021.05,2026.9,17356,353.1
21-07-2010,2038.9,2041,2021.25,2028.5,2030.95,33118,675.14
22-07-2010,2028,2039,2010,2032.9,2029.9,7035,142.36
23-07-2010,2040,2094.7,2029,2078.95,2076.75,24681,511.17
26-07-2010,2081,2108.9,2052.15,2057,2065.05,46786,974.69
27-07-2010,2057,2085,2055,2055.15,2060,93556,1931.91
28-07-2010,2060,2103,2055.15,2071.15,2064.55,30988,643.56
29-07-2010,2090,2090,2020,2025,2023.3,16493,335.72
30-07-2010,2045,2045,1998,2017,2010.8,34936,702.36
02-08-2010,2037.5,2037.5,2010.45,2012.5,2014.85,6237,125.89
03-08-2010,2011.55,2034.95,1995.05,2000.5,2003,12322,247.9
04-08-2010,2003,2033.25,1987,1995.2,1998.15,14424,290.2
05-08-2010,2000,2027.85,1990.25,2014,2012.15,38204,765.31
06-08-2010,2000.1,2029.35,2000,2023.9,2018.05,25295,511.11
09-08-2010,2001,2078,1984.4,2002,1995.35,34940,700.78
10-08-2010,2003,2015,1975.1,1991.45,1990.35,64797,1291.18
11-08-2010,1980,1997,1945.3,1960,1958.25,25477,500.4
12-08-2010,1957.9,1960,1944.4,1946,1950.4,9861,192.42
13-08-2010,1950,1985,1935,1982,1961.8,15072,294
16-08-2010,1962.15,2005,1942,1942.5,1945.05,6110,119.62
17-08-2010,1950,1969,1938,1962.05,1961.55,36577,714.43
18-08-2010,1960,1964,1940,1942,1943.7,19922,387.14
19-08-2010,1943,1987.6,1931.1,1975.15,1976,31518,616.92
20-08-2010,1977,2039,1977,2015.2,2017.05,31179,629.98
23-08-2010,2039.8,2039.8,1951.15,1974,1971.8,20527,408.42
24-08-2010,1995.55,1995.55,1940,1942,1945.65,11711,228.82
25-08-2010,1943,1945,1881,1890.25,1889.8,26887,513.05
26-08-2010,1895,1895,1859,1878.5,1873.45,38606,724.07
27-08-2010,1888,1914,1868.05,1873,1872.85,28033,531.1
30-08-2010,1882,1910,1882,1897.5,1894,15716,298.61
31-08-2010,1900,1900,1842.4,1865,1860.7,16097,298.85
01-09-2010,1860.7,1889.95,1860.7,1880.1,1880.25,13927,261.66
02-09-2010,1875,1935.95,1875,1912,1906.7,27585,529.32
03-09-2010,1910,1954,1910,1918,1916.4,10301,198.01
06-09-2010,1935,1945,1900,1916.5,1916.85,13230,253.55
07-09-2010,1919,1931,1915,1916.5,1916.8,8098,155.48
08-09-2010,1916,1929,1911,1916.5,1918.35,13275,254.44
09-09-2010,1910,1924,1905,1916.5,1916.8,23300,446.55
13-09-2010,1916.6,1973.5,1912.15,1955,1953.85,46251,898.8
14-09-2010,1969,1969.6,1931.05,1937,1938.5,8796,171.51
15-09-2010,1944,1944,1916.5,1927,1928.35,10345,199.47
16-09-2010,1920,1925,1913,1916.5,1916.8,20724,397.02
17-09-2010,1915,1964,1912.05,1961.85,1956.3,35150,681.41
20-09-2010,1965,2030,1961,2023.5,2026.9,67587,1361.61
21-09-2010,2040,2078,1982.05,2062,2070.25,37182,756.85
22-09-2010,2070,2104,2012.1,2090,2087.3,48164,991.85
23-09-2010,2095,2112,2055.05,2084.95,2084.8,31635,659.36
24-09-2010,2058,2133.95,2058,2102,2112.75,49346,1042.2
27-09-2010,2114.05,2164.9,2100.15,2155,2157.1,89929,1924.36
28-09-2010,2104.4,2171,2102,2160,2158.65,29947,646.44
29-09-2010,2160,2253,2160,2240.15,2240.95,237247,5311.17
30-09-2010,2211.3,2290,2201,2203,2209.95,31200,698.74
01-10-2010,2220,2266.9,2212.2,2256.9,2251.05,86421,1936.54
04-10-2010,2270,2364.45,2256.5,2295,2301.8,59565,1370.53
05-10-2010,2270,2341,2270,2288.7,2285.15,38391,887.97
06-10-2010,2285.1,2330,2284,2289.05,2290.5,46056,1063.86
07-10-2010,2298,2309.9,2271.25,2285,2275.05,42799,976.57
08-10-2010,2276,2304.9,2260.1,2300,2293.4,27418,624.16
11-10-2010,2316.4,2334.4,2276,2276,2286.15,11483,264.97
12-10-2010,2310,2310,2261,2281.05,2288.85,35679,810.69
13-10-2010,2280,2310,2272,2297.7,2295.05,7539,172.93
14-10-2010,2320,2320,2278.2,2300.5,2305.1,31829,732.28
15-10-2010,2310,2314.95,2295.25,2302,2300.75,8605,198.13
18-10-2010,2264.4,2364.9,2221,2350,2351.2,28102,652.15
19-10-2010,2369,2399.9,2351,2355,2353,40887,963.94
20-10-2010,2365,2378,2347,2361.1,2361.1,12947,305.83
21-10-2010,2370,2389.4,2351.95,2358.5,2352.7,11989,284.31
22-10-2010,2352,2364.95,2345,2350,2348,11443,268.94
25-10-2010,2358,2370.8,2346.65,2367.45,2352.35,31593,743.18
26-10-2010,2350,2378.95,2302.7,2303.1,2308.8,9405,218.49
27-10-2010,2308,2319.4,2236,2260.25,2261.9,8524,193.56
28-10-2010,2260.95,2302,2226,2244,2258.9,89883,2031.42
29-10-2010,2258.9,2258.9,2210,2229.8,2222.45,14922,331.78
01-11-2010,2212,2245,2190,2199.9,2199.05,26056,573.94
02-11-2010,2239,2273,2175.55,2238,2240.85,54023,1209.03
03-11-2010,2244.8,2257.05,2205,2220,2220.1,11564,257.41
04-11-2010,2210.1,2241.95,2210.1,2217.1,2224.6,4692,104.58
05-11-2010,2230.1,2290,2230.1,2290,2276.1,6239,141.75
08-11-2010,2300,2304.8,2250.9,2302,2293.5,40341,919.96
09-11-2010,2295,2334,2291.35,2301.15,2302.1,40227,934.02
10-11-2010,2303,2334.9,2243,2258,2255.75,21592,489.71
11-11-2010,2304,2304,2251,2253.65,2254.5,9026,206.28
12-11-2010,2252,2275,2218,2234.95,2228.3,6774,151.47
15-11-2010,2220,2249.95,2179.7,2240.05,2233.05,14352,316.44
16-11-2010,2221,2299,2216.05,2263,2270.35,41684,947.22
18-11-2010,2290,2320,2231.2,2290,2277.2,5902,134.49
19-11-2010,2290,2297,2220,2220,2227.7,3982,89.67
22-11-2010,2235,2273.95,2230.5,2260,2261.85,6113,138.02
23-11-2010,2270,2274.75,2192.55,2240,2240.4,7954,177.82
24-11-2010,2255,2274,2201,2209.5,2208.5,4329,96.76
25-11-2010,2209.5,2239.5,2060.3,2100,2098.05,26897,573.92
26-11-2010,2115,2149.95,1890,2110.05,2107.25,28120,577.17
29-11-2010,2110,2148.95,2076,2139,2118.15,7038,148.59
30-11-2010,2123.95,2148.5,2091.1,2134.95,2130.6,12658,269
01-12-2010,2125,2190,2120,2178,2170.25,4140,88.89
02-12-2010,2199.8,2208,2143,2161.5,2163.8,3017,65.72
03-12-2010,2150,2190.1,2101,2130,2131.25,6255,133.38
06-12-2010,2131,2170,2107.3,2116,2131.35,51221,1105.07
07-12-2010,2111,2159.6,2109.35,2159.6,2150.9,4857,104.14
08-12-2010,2175,2175,2135.35,2140.5,2146.25,7930,170.39
09-12-2010,2141.7,2153.9,2080,2133,2130.55,16117,339.73
10-12-2010,2184.4,2184.4,2024.05,2128,2135.85,18284,392.06
13-12-2010,2110.2,2166,2110.2,2160,2156.2,5536,119.32
14-12-2010,2158,2204.4,2158,2196,2196.4,4974,109.15
15-12-2010,2180,2218,2180,2205,2193,10474,229.45
16-12-2010,2190.05,2220,2184.5,2200,2195.05,8841,193.69
20-12-2010,2190,2213.8,2162.6,2205,2201.85,14964,329.25
21-12-2010,2180,2208,2180,2204.5,2200.25,15809,347.82
22-12-2010,2166,2209.95,2165,2200,2201.4,23984,527.69
23-12-2010,2165.05,2210,2165.05,2207,2205.3,26840,591.26
24-12-2010,2200,2225,2160.5,2223,2212.1,9174,201.01
27-12-2010,2225,2254.4,2211,2228,2226.9,9758,217.53
28-12-2010,2205,2245,2205,2240,2238.75,2516,56.19
29-12-2010,2231,2295,2231,2287,2281.3,10358,235.13
30-12-2010,2270,2338.8,2261,2325,2324.9,27963,649.52
31-12-2010,2251.7,2364.5,2251.7,2364.5,2337.5,23708,552.36
03-01-2011,2344.4,2397,2330.2,2341,2342.6,4508,106.16
04-01-2011,2335.15,2354.5,2335.15,2346.55,2347.8,6962,163.55
05-01-2011,2360,2392,2352.1,2385,2381.75,9039,214.29
06-01-2011,2389.9,2408.6,2384,2385.1,2400.2,8654,207.08
07-01-2011,2357.15,2400.2,2350,2376.5,2376.75,5629,134.05
10-01-2011,2353,2434.95,2353,2395,2390.1,16949,406.18
11-01-2011,2400,2410,2380,2380.3,2383.6,31676,757.34
12-01-2011,2370.05,2415,2370.05,2410,2391.7,139833,3339.16
13-01-2011,2410,2410,2331,2335.05,2343.35,3559,84.68
14-01-2011,2320.4,2383,2305,2325,2331.35,5357,124.79
17-01-2011,2315,2350,2300,2319,2314.95,4199,97.41
18-01-2011,2341,2341,2305,2310.6,2313.7,3401,78.87
19-01-2011,2300.05,2310,2275,2300,2301.95,5711,131
20-01-2011,2244,2330,2211.15,2255,2257.1,4820,109.39
21-01-2011,2266.05,2286,2246.05,2281.2,2280.6,3758,85.26
24-01-2011,2258,2304,2230,2250,2241.4,3794,85.94
25-01-2011,2256.15,2282,2250,2270.15,2269.6,5230,118.61
27-01-2011,2270,2288.5,2230,2230.3,2234.75,8313,187.58
28-01-2011,2239.55,2298.7,2180,2283,2278.55,12794,285.94
31-01-2011,2280,2289.7,2220,2260.55,2284.65,9919,223.93
01-02-2011,2310,2310,2255,2255,2265,505620,11452.93
02-02-2011,2252.1,2297.95,2200,2263,2257.35,11893,268.08
03-02-2011,2255,2259.7,2218,2233,2242.2,12235,273.81
04-02-2011,2178,2259.85,2178,2240,2230.35,7568,168.64
07-02-2011,2231,2258,2213.15,2238.9,2233.5,21364,477.32
08-02-2011,2227,2249.95,2208.25,2241.1,2241.75,4598,102.58
09-02-2011,2244.8,2247.85,2171,2198.1,2197.8,33470,736.32
10-02-2011,2196,2224.95,2163.9,2210,2210.55,7658,168.88
11-02-2011,2161.15,2235,2161.15,2220,2213.9,7104,155.54
14-02-2011,2274,2274,2175,2210,2201.1,13118,289.37
15-02-2011,2265.7,2299,2209.9,2225,2222.3,5345,118.94
16-02-2011,2221.15,2233.95,2202.15,2223.9,2218.5,3868,85.83
17-02-2011,2202.2,2267.5,2202.2,2228,2230.95,3297,73.87
18-02-2011,2240.1,2273.8,2212.05,2227,2221.7,9477,213.02
21-02-2011,2222,2244,2175.05,2220,2233.35,30078,663
22-02-2011,2222.1,2241,2196.5,2232.55,2235.9,3882,86.13
23-02-2011,2220,2230.05,2205.15,2212,2221.65,54000,1196.18
24-02-2011,2206,2265,2150,2215,2218.9,28803,637.15
25-02-2011,2200,2260,2175,2208.45,2221.35,9113,203.33
28-02-2011,2222,2265,2198.05,2200,2208.55,7811,174.13
01-03-2011,2205,2222,2190,2190,2198.05,11536,254.04
03-03-2011,2198.05,2198.05,2175,2178,2178,25861,565.17
04-03-2011,2178,2184.9,2111.15,2168,2166.55,11856,257.27
07-03-2011,2166.55,2168.95,2142,2150,2149.6,8214,176.84
08-03-2011,2224,2224,2130,2168.3,2162.1,59367,1283.3
09-03-2011,2169.9,2203.3,2162,2175,2182.75,22635,495.72
10-03-2011,2178,2205,2172.3,2181,2187.75,5510,120.7
11-03-2011,2190,2200,2157.5,2169.5,2171.95,5960,129.9
14-03-2011,2160.3,2168,2115,2122.5,2122.4,8973,191.64
15-03-2011,2118,2119,2077.6,2079.2,2085.4,17328,363.83
16-03-2011,2098,2098,2035.1,2062.5,2045.25,209735,4290.37
17-03-2011,2080,2124.4,2060,2098,2099.3,41886,877.8
18-03-2011,2100.05,2119.95,2005.35,2013.45,2039.8,64677,1336.23
21-03-2011,1971,2055.3,1971,2039.8,2043.5,54598,1114.44
22-03-2011,2031.15,2044,2031.15,2035,2039.75,7405,151.03
23-03-2011,2025.1,2040,2015.05,2028,2024.75,22031,446.99
24-03-2011,2020,2105,2020,2105,2096.2,22969,477.85
25-03-2011,2081.05,2126,2080,2088.25,2097.45,22741,479.17
28-03-2011,2184.4,2189,2078,2091,2097.35,5966,125.16
29-03-2011,2100,2117,2072.5,2080,2080.45,11972,249.9
30-03-2011,2069.2,2110,2069.15,2099.9,2095.45,10313,216.13
31-03-2011,2125,2155,2010,2016,2062.95,147732,3105.72
01-04-2011,2050,2098.4,2025.15,2094.4,2090.9,9255,191.5
04-04-2011,2090,2125,2068,2120,2121.55,7533,157.86
05-04-2011,2150,2163,2103,2105,2112.55,16233,344.66
06-04-2011,2134,2146,2105,2120,2129.9,52881,1123.93
07-04-2011,2138.8,2180,2131,2148,2148.85,35722,769.53
08-04-2011,2136.25,2195,2112,2171.1,2177.9,19036,410.95
11-04-2011,2185,2192.1,2132.25,2136,2147.75,34583,746.37
13-04-2011,2128,2140,2112.05,2129,2134.55,19358,412.34
15-04-2011,2125,2140,2100,2102.05,2104.9,46705,985.6
18-04-2011,2124,2127.95,2077,2127,2120.4,47484,1004.29
19-04-2011,2095.6,2133.95,2076.35,2121.95,2119,8310,175.34
20-04-2011,2125,2132,2093.2,2113.2,2114.15,15468,326.9
21-04-2011,2113,2140,2100.8,2100.8,2111.55,9714,206.56
25-04-2011,2100,2118.85,2095,2115,2109,124585,2623.73
26-04-2011,2106,2123,2105,2115,2115,53417,1129.65
27-04-2011,2111,2210,2110,2209,2193.9,54272,1178.19
28-04-2011,2205,2252.35,2186,2200.15,2227.9,32944,735.35
29-04-2011,2229.05,2263,2210,2258,2257.65,32108,720.25
02-05-2011,2240,2288,2232.9,2271.1,2273,39694,903.55
03-05-2011,2324.4,2324.4,2233.05,2293.1,2292.5,14971,342.29
04-05-2011,2284,2359.75,2261.15,2359.75,2336,30749,708.01
05-05-2011,2339.95,2358,2220.5,2225,2255.65,28121,650.09
06-05-2011,2240,2325,2200,2306,2294.35,67587,1535.45
09-05-2011,2255.75,2307.95,2255.55,2290.05,2293.4,11797,269.92
10-05-2011,2299,2318.95,2260,2310,2303.9,11633,266.03
11-05-2011,2301,2343.95,2281,2340,2334.2,11789,273.22
12-05-2011,2300,2349,2300,2340,2340.45,9250,215.87
13-05-2011,2320.55,2349,2320.15,2345.65,2339.5,5490,128.38
16-05-2011,2350,2375,2300,2369.05,2372.2,10254,241.95
17-05-2011,2351,2388.8,2304.4,2355,2359.9,7915,186.1
18-05-2011,2355,2355,2321.2,2333.15,2335.4,3898,91.01
19-05-2011,2344.9,2344.9,2281,2324,2320.15,20968,482.48
20-05-2011,2339.25,2340,2306.15,2337,2333.6,4076,94.96
23-05-2011,2332,2339,2310.05,2332.3,2333.55,2742,63.94
24-05-2011,2320.35,2347.95,2320.35,2342,2341.35,7278,170.25
25-05-2011,2334.9,2345,2250,2335.4,2339.3,24894,581.37
26-05-2011,2349.9,2352,2286.65,2340.1,2328.65,19603,457.3
27-05-2011,2348.9,2348.9,2328,2328.75,2336.8,1746,40.85
30-05-2011,2273.05,2345,2273.05,2308.2,2312.2,6440,149.07
31-05-2011,2312.5,2329,2312.5,2320.15,2321.5,7004,162.54
01-06-2011,2339.7,2370,2322,2370,2360.65,3352,78.68
02-06-2011,2340,2373,2335.05,2363.75,2366.7,6824,161.57
03-06-2011,2312.3,2407.9,2312.3,2397.75,2394.55,11891,283.4
06-06-2011,2410,2424.4,2355.1,2359.95,2369,11704,279.42
07-06-2011,2370,2370,2345,2356,2359.3,22127,522.13
08-06-2011,2350.15,2375,2350.15,2360,2360.05,40336,954.06
09-06-2011,2365,2379.95,2350,2365,2364.7,7551,178.65
10-06-2011,2365,2412,2360.45,2405,2402.3,11408,271.74
13-06-2011,2403,2447,2385,2435,2433.2,72529,1763.56
14-06-2011,2435,2478,2421,2430,2434.45,30427,744.41
15-06-2011,2439,2458.75,2430.35,2440,2445.2,13473,329.33
16-06-2011,2450,2470.55,2428,2460,2459.9,8806,216.46
17-06-2011,2450,2460,2331.2,2353.55,2350.85,32088,767.91
20-06-2011,2377.4,2377.4,2241.2,2354.8,2327.6,24978,578.69
21-06-2011,2350.85,2350.85,2281.2,2340.4,2320.75,15996,370.01
22-06-2011,2414,2414,2255.6,2320,2317.45,32005,735.58
23-06-2011,2330,2350,2293.05,2325.55,2316.85,30779,712.6
24-06-2011,2350.1,2350.1,2316.5,2330,2338.5,5286,123.35
27-06-2011,2325,2360,2280.2,2323,2326.55,13241,307.61
28-06-2011,2330,2348,2296,2336,2331.95,5761,133.93
29-06-2011,2321,2375,2321,2361,2357.4,14693,343.38
30-06-2011,2350,2391,2341.2,2352.6,2350.15,8037,189.89
01-07-2011,2325,2415,2325,2353,2346.1,4724,111.84
04-07-2011,2365,2365,2332,2351.2,2356.1,6655,156.36
05-07-2011,2331,2355,2310.55,2335.2,2335.55,7726,180.73
06-07-2011,2321,2346,2310,2329.8,2331.7,3269,76.19
07-07-2011,2380,2384.75,2317,2350,2353.15,15043,351.19
08-07-2011,2351,2364.9,2306.55,2311.55,2318.15,5043,117.63
11-07-2011,2304.5,2334.75,2300,2329,2329.4,18468,430.21
12-07-2011,2301.1,2344,2301.1,2326.5,2330.35,3958,92.27
13-07-2011,2344.8,2344.9,2321,2325,2325.85,2393,55.78
14-07-2011,2330,2335,2318.05,2324.95,2326.3,3028,70.48
15-07-2011,2301,2355,2256.5,2340.4,2345.15,12408,289.33
18-07-2011,2384.4,2384.4,2265.55,2295,2301.25,5354,124.11
19-07-2011,2309.9,2328,2285.1,2313.9,2311.2,108532,2504.64
20-07-2011,2308.05,2325,2292.25,2295.3,2297.15,13595,314.45
21-07-2011,2300,2324.95,2291.05,2320,2320.45,37003,858.19
22-07-2011,2325,2350,2305.15,2323,2316.05,14183,331.55
25-07-2011,2348.85,2355.5,2300.35,2345,2345.4,37205,872.07
26-07-2011,2350,2356,2303.3,2320.5,2315.5,35538,835.44
27-07-2011,2330,2350,2275.65,2302,2302.6,7678,177.03
28-07-2011,2305.05,2392.1,2301.15,2380,2381.1,96678,2254.93
29-07-2011,2375,2381.1,2326.35,2341,2344.9,16598,390.64
01-08-2011,2344.9,2344.9,2301,2304,2307.35,15027,348.08
02-08-2011,2309.5,2314.8,2270,2288.05,2292.25,17376,398.46
03-08-2011,2280,2299.85,2260,2276,2275.6,7975,181.42
04-08-2011,2264.3,2294,2264.3,2280,2280.95,79915,1827.98
05-08-2011,2225,2274.95,2191.35,2195.95,2200.9,14539,322.72
08-08-2011,2189.95,2189.95,2111,2155,2136.55,55746,1193.04
09-08-2011,2117,2140,2092.25,2110,2112.15,116800,2456.72
10-08-2011,2150,2150,2106.6,2115.1,2118.45,22465,478.66
11-08-2011,2115.1,2198.7,2110,2130,2158.45,151376,3262.35
12-08-2011,2130,2165,2125.7,2139.95,2139.65,10185,218.19
16-08-2011,2130,2144,2105,2135,2135.45,46704,993.1
17-08-2011,2116.6,2159.9,2116.6,2147,2147.9,27180,585.38
18-08-2011,2140.05,2161.5,2140,2154,2151.95,8793,189.19
19-08-2011,2148,2168,2093,2168,2146.45,9040,192.45
22-08-2011,2125,2175,2125,2159.9,2158.2,5596,121.15
23-08-2011,2145,2212,2135,2164,2166.35,8103,176.41
24-08-2011,2135.5,2193.95,2130,2151,2149.65,10076,217.62
25-08-2011,2136.1,2177,2095,2101.35,2104.7,38029,805.47
26-08-2011,2105,2170,2093,2122,2125.25,135283,2905.18
29-08-2011,2170,2189.8,2100,2110,2108.4,8892,189.02
30-08-2011,2149,2149,2111.1,2119.9,2119.6,5366,114.1
02-09-2011,2120,2154.85,2119,2120,2130.6,57409,1228.26
05-09-2011,2149.95,2149.95,2102.5,2125,2129.9,31868,674.63
06-09-2011,2143,2149,2120,2125,2130.75,126093,2685.89
07-09-2011,2123,2141,2115.1,2122,2123.35,17898,381.26
08-09-2011,2123.35,2131.95,2100,2113.15,2117.15,6187,131.06
09-09-2011,2122.35,2130,2092.25,2092.25,2094.35,6199,130.68
12-09-2011,2092.25,2104.9,2066,2070,2076.95,8369,174.44
13-09-2011,2109.9,2124.95,2038.4,2060,2059.7,39175,808.16
14-09-2011,2060,2069.95,2024.2,2037,2043.85,5672,116.41
15-09-2011,2043.85,2067,2027,2066,2059.55,5107,104.5
16-09-2011,2014.2,2085,2010.15,2085,2052.75,26952,554.61
19-09-2011,2030,2093,2030,2080,2067.6,5147,106.93
20-09-2011,2025.5,2085,2025.5,2056,2058.5,8369,172.66
21-09-2011,2040.5,2080,2040.5,2067,2069.75,3375,69.86
22-09-2011,2040.5,2059.95,2031.1,2050,2051.35,106877,2183.9
23-09-2011,2020.5,2053.6,1992.5,2009,2004.65,10859,218.8
26-09-2011,1984.4,2030,1965.05,2025,2022.8,9960,199.03
27-09-2011,1991,2103,1991,2058,2064.8,36336,750.62
28-09-2011,2072,2104.95,2055,2089,2093.95,18410,384.9
29-09-2011,2086,2098.95,2045,2095.7,2085.8,11353,235.57
30-09-2011,2085.8,2114,2065,2093.45,2091,3603,75.38
03-10-2011,2070.25,2117.95,2045.1,2100,2098.95,5930,124.29
04-10-2011,2090.1,2114.85,2070,2113.4,2100.4,31926,669.03
05-10-2011,2113,2147.15,2086,2098,2091.7,3174,66.96
07-10-2011,2110,2130,2090,2098.5,2098.85,66582,1397.74
10-10-2011,2105,2105,2079,2080,2083.25,5398,112.69
11-10-2011,2100,2100,2041.15,2074.8,2059.55,15460,319.39
12-10-2011,2056,2065,2025,2041.25,2047.05,6193,127.22
13-10-2011,2056,2063.8,2040,2059.5,2058.25,32150,662.03
14-10-2011,2097.85,2097.85,2050.05,2064.9,2061.95,46711,962.69
17-10-2011,2061.95,2093,2050,2089.9,2075.05,9638,200.5
18-10-2011,2088.95,2088.95,2061,2070,2071.25,5667,117.32
19-10-2011,2079.95,2144.9,2062.05,2091.9,2093.35,19296,406.06
20-10-2011,2062.25,2099.85,2062.05,2095,2091.4,5040,105.39
21-10-2011,2118,2131.3,2076.05,2102,2106.05,11645,246.07
24-10-2011,2106.05,2109,2070.15,2095,2087.2,29634,617.38
25-10-2011,2087,2115,2062.1,2115,2097.45,16105,337.27
26-10-2011,2108,2117,2096.15,2102.95,2102.9,2084,43.85
28-10-2011,2142,2199.9,2114,2129,2120.65,9742,208.61
31-10-2011,2072.3,2107.3,2027.35,2058,2057.6,56407,1159.97
01-11-2011,2054.1,2127.5,2054.1,2108.7,2103.5,38098,800.87
02-11-2011,2082.5,2128.8,2082.5,2105,2102.55,10336,218.25
03-11-2011,2070.35,2122.45,2070.35,2091.15,2085.95,48226,1010.38
04-11-2011,2125.9,2148,2056.15,2082.1,2113.5,29489,624.72
08-11-2011,2104.8,2104.8,2035,2048,2045.25,19870,408.64
09-11-2011,2068,2069.45,2001,2005,2007.75,9135,185.17
11-11-2011,2010,2040,2010,2030,2027.65,14013,283.44
14-11-2011,2030.1,2047.85,2010.45,2015,2029.7,7843,159.82
15-11-2011,2027.3,2027.3,1999,2001,2003.55,11283,226.85
16-11-2011,2003.55,2016,1975,1990,1983.2,64156,1269.04
17-11-2011,1990,2010,1964,1986,1993.45,18173,361.87
18-11-2011,1966.3,2003,1960,1997.8,1998.75,25789,514.73
21-11-2011,1980.05,1990,1956,1956,1968.65,3814,75.48
22-11-2011,1938.5,1992,1938.5,1947,1950.75,79221,1546.78
23-11-2011,1921.5,1959.8,1862.2,1910,1902.5,17818,341.54
24-11-2011,1862,1962,1862,1950,1949.8,24966,478.17
25-11-2011,1951,1984,1935.2,1975,1967.2,15081,295.87
28-11-2011,2000,2005.95,1940.5,1947.95,1953.7,20370,401.08
29-11-2011,1975,1984.9,1934,1940,1943.55,16105,313.51
30-11-2011,1955,1955,1909,1912,1917.1,6995,134.78
01-12-2011,1930,1955,1896,1906,1900.15,31949,608.82
02-12-2011,1895.6,1929.9,1895.6,1923.3,1925.7,35748,685.97
05-12-2011,1902.15,1950,1892,1921,1913.15,20750,397.85
07-12-2011,1923,1943.5,1885,1915,1909.85,15518,295.69
08-12-2011,1891.55,1911,1890,1897.95,1899.3,8363,158.81
09-12-2011,1890,1915,1854,1856,1863.15,15959,302.89
12-12-2011,1872,1878,1811.1,1865,1864.15,7542,139.78
13-12-2011,1844.4,1885.65,1826.8,1867,1869.6,7635,142.58
14-12-2011,1870,1888,1840,1852.3,1860,74024,1373.91
15-12-2011,1840.55,1918.75,1830,1888.9,1875,6736,125.12
16-12-2011,1877,1904,1834,1840,1840.15,16013,299.72
19-12-2011,1840,1858.45,1831,1850,1847.8,13342,246.7
20-12-2011,1864.8,1864.8,1829.3,1850,1849.5,3550,65.4
21-12-2011,1860,1877.65,1840,1870,1868.55,3909,72.54
22-12-2011,1850,1933.95,1850,1929.95,1920.85,5757,108.99
23-12-2011,1917,1949,1901,1912,1913.35,16175,309.6
26-12-2011,1913,1934.75,1895,1901.05,1919.55,6516,125.06
27-12-2011,1900.5,1929.9,1892,1928,1926.05,4549,87.25
28-12-2011,1929.85,1936,1881,1929.8,1927.8,7072,135.13
29-12-2011,1915,1950,1901,1950,1938.5,5929,114.4
30-12-2011,1940.1,2004.15,1891.05,1955.65,1945.15,20327,393.06
02-01-2012,1959.55,1985,1930.1,1984.2,1981.85,5908,116.38
03-01-2012,1999.9,2000,1980.05,1985,1986.35,8888,176.82
04-01-2012,1990,1999,1975,1980,1985.55,1540,30.57
05-01-2012,1985,1985,1951.05,1956,1965.05,4089,80.7
06-01-2012,1953.1,1969,1926.5,1954,1951.25,15853,308.92
07-01-2012,1969,1989,1932,1958,1957.55,118,2.31
09-01-2012,1940.05,1980,1940.05,1960,1959.5,1670,32.79
10-01-2012,1984.8,1998.8,1945.5,1970,1969.05,20573,404.64
11-01-2012,2014.4,2014.4,1944,1960,1965.55,173292,3402.81
12-01-2012,1960,1968.1,1951.05,1960,1959.7,19817,388.53
13-01-2012,1950.05,1969.8,1950.05,1969,1963.25,12692,249.15
16-01-2012,1969,2003,1944,1984,1983.65,2624,52
17-01-2012,1975.3,2008.9,1975.3,1978.3,1983.35,25738,513.75
18-01-2012,2000,2000,1965,1984,1979.9,28103,556.29
19-01-2012,1999.3,1999.3,1952,1972.5,1965.8,41334,814.89
20-01-2012,1967,1983.5,1951.2,1970,1962.75,28973,568.15
23-01-2012,1952.05,2000,1952.05,1960,1958.9,19037,373.29
24-01-2012,1959,1974.8,1935,1938.05,1944.85,20139,393.6
25-01-2012,1931.1,1950,1920,1937,1936.35,12486,241.59
27-01-2012,1953,1994.95,1926.1,1949.95,1946.35,15170,294.71
30-01-2012,1930.6,1974.8,1920,1930,1934.45,16729,323.9
31-01-2012,1931,1956.95,1920.1,1937,1940.05,34046,660.04
01-02-2012,1949.8,1953.85,1926,1940,1939.7,28192,546.66
02-02-2012,1949.95,1968.45,1948,1965,1960.5,39272,769.43
03-02-2012,1990,1990,1930.05,1958.05,1959.95,35213,689.51
06-02-2012,1959,1998,1959,1991,1982.7,36442,719.78
07-02-2012,1990,2048.9,1971.05,2046,2038.3,42686,865.62
08-02-2012,2092,2092,2010,2029.9,2025.25,16216,328.65
09-02-2012,2025,2050,2025,2050,2039.25,18096,368.33
10-02-2012,2035.1,2055,2029.9,2031,2034.55,13930,284.11
13-02-2012,2021,2074.5,2021,2036,2035.05,16597,337.41
14-02-2012,2050,2060,2024,2057,2042.25,26337,537.45
15-02-2012,2080,2140,2051.05,2113,2106.25,63062,1310.38
16-02-2012,2110,2147,2075,2086,2086.55,27295,571.49
17-02-2012,2119,2119,2080.05,2088.45,2086.35,119178,2510.63
21-02-2012,2119.85,2119.85,2072.35,2088,2088.1,173318,3633.62
22-02-2012,2083,2101,2077.05,2080,2083,18005,377.17
23-02-2012,2107.5,2107.5,2068,2080,2074.6,50025,1040.33
24-02-2012,2089.8,2096.95,2064,2070.9,2079.55,16590,345.07
27-02-2012,2070,2083,2056.05,2065.05,2065.75,8661,178.73
28-02-2012,2060.1,2084.7,2045,2082,2080.6,3588,74.53
29-02-2012,2070.5,2096,2068,2076.25,2074.85,15837,329.2
01-03-2012,2070.05,2125,2070.05,2086,2087.4,13108,274.54
02-03-2012,2047.5,2095,2047.5,2085,2084.4,12156,253.47
03-03-2012,2081,2081,2070,2077,2073.5,262,5.43
05-03-2012,2080,2084,2055.5,2080,2075.25,52904,1098.25
06-03-2012,2094.95,2094.95,2066.05,2081.4,2080.05,39850,829.05
07-03-2012,2053.3,2099.9,2053.3,2084.4,2083.4,4134,86.19
09-03-2012,2080,2118,2080,2084,2084,26517,553.06
12-03-2012,2085,2105,2080,2090,2082.9,42032,876.07
13-03-2012,2100,2100,2082,2090,2086.7,4865,101.57
14-03-2012,2070,2095,2070,2089,2087.05,4469,93.31
15-03-2012,2085,2140,2082,2125,2116.45,58584,1230.83
16-03-2012,2145.9,2154,2106.1,2142.8,2140.45,64516,1380.73
19-03-2012,2115,2155,2110.2,2145,2144.9,74318,1590.89
20-03-2012,2165,2174.95,2140.1,2164,2163.75,13644,295.23
21-03-2012,2170,2214.95,2165,2205,2207.6,21121,464.21
22-03-2012,2204.55,2214.8,2170,2188.55,2190.2,11394,249.59
23-03-2012,2200,2207.9,2152.75,2185,2171.75,4276,92.92
26-03-2012,2189,2208.9,2176,2190,2189.6,10847,237.81
27-03-2012,2199,2211,2180.5,2211,2200.2,102803,2261.4
28-03-2012,2270,2295,2200,2280,2256.8,27375,610.3
29-03-2012,2226.5,2244.8,2195.05,2210,2223.75,21040,466.56
30-03-2012,2215,2360,2200,2350,2316.55,34507,791.13
02-04-2012,2302,2308.95,2272.15,2284.05,2277.6,6915,158.4
03-04-2012,2309.95,2333,2272.2,2293.95,2289.4,6690,154.16
04-04-2012,2280,2299.95,2242,2246,2255,3943,89.53
09-04-2012,2250,2259.2,2205,2214.7,2210.75,94120,2114.15
10-04-2012,2240,2240,2212.5,2220,2218.45,8541,189.76
11-04-2012,2209,2225,2176,2199.95,2185.45,9145,201.98
12-04-2012,2181.2,2230,2165,2172.9,2172.85,12230,267.13
13-04-2012,2175.55,2225,2175.55,2190.05,2192.2,5456,120.09
16-04-2012,2200,2233.9,2162.6,2175,2174.75,4932,108.21
17-04-2012,2180,2223.9,2171.25,2210,2210.2,10423,229.89
18-04-2012,2210.2,2298.6,2210.2,2267,2251.9,11451,257.71
19-04-2012,2260,2280,2205,2220.05,2214.75,4201,93.69
20-04-2012,2215,2250,2205.1,2240.05,2240.9,8803,196.75
23-04-2012,2228.75,2255,2190.1,2247,2238.95,3798,84.58
24-04-2012,2245,2245,2202.1,2210,2211.65,1235,27.35
25-04-2012,2210,2223,2180,2195,2190.65,16021,352.39
26-04-2012,2200,2209.95,2162.2,2182,2179.9,69000,1504.23
27-04-2012,2167,2199.95,2161.15,2184,2177.95,2927,63.71
28-04-2012,2194,2194,2175,2175,2179.9,220,4.79
30-04-2012,2182,2190,2117.05,2126.05,2144.05,4967,107.23
02-05-2012,2126,2182,2125,2179,2172.95,4301,93.41
03-05-2012,2172.95,2178.9,2150.2,2170,2170.75,3557,76.94
04-05-2012,2175,2180,2110,2145.1,2137.3,3768,80.73
07-05-2012,2103.35,2141,2085.05,2130,2127.6,7252,152.7
08-05-2012,2147.95,2178.9,2085.05,2100,2100.3,13582,286.81
09-05-2012,2099.8,2107.85,2062.2,2067.05,2082.95,7989,167.41
10-05-2012,2083.5,2084.5,2050.1,2058.9,2054.35,2521,52.17
11-05-2012,2050,2079.95,2042.9,2050.2,2050.1,2591,53.34
14-05-2012,2054,2080,2038.8,2060,2056.35,3893,79.99
15-05-2012,2050.55,2073.9,2025,2025.5,2028.8,7662,156.31
16-05-2012,2020.05,2045,1993,2031.2,2028.4,13341,267.55
17-05-2012,2008.6,2097.95,2008.6,2065,2063.95,3840,79.4
18-05-2012,2051,2070.05,2041,2043.35,2049.65,6742,138.15
21-05-2012,2033,2080,2031.05,2032,2042.3,13254,273.42
22-05-2012,2049.95,2049.95,1985.1,1993.45,1990.15,3832,77.15
23-05-2012,1992,2006.75,1950,1966.7,1964.85,9025,177.93
24-05-2012,1974,1998,1959,1980,1981.35,15587,309.01
25-05-2012,1988.8,1998.4,1971,1990,1995.05,2535,50.52
28-05-2012,2000,2009.95,1985,2004.95,2004.8,3876,77.63
29-05-2012,2019,2022,1982.95,1983.2,1988.05,1945,38.93
30-05-2012,1978,2039,1978,2018,2024.4,20856,418.75
31-05-2012,2005.05,2028,1970,2010,2010,19730,395.16
01-06-2012,2000,2013.95,1966.1,1970,1973.5,4227,84.14
04-06-2012,1990.05,1990.05,1954,1987,1985.6,2921,57.66
05-06-2012,1998.3,2015.9,1962.55,2010.9,2010,5021,100.48
06-06-2012,2010,2018,1984,1987.65,1985.55,8124,161.99
07-06-2012,2004.3,2008,1985.25,1985.5,1990.15,16514,329.94
08-06-2012,1980,1999.75,1973,1975.5,1988.8,65120,1295.72
11-06-2012,2038,2038,1950,1960,1958.75,112944,2242.11
12-06-2012,1955.05,2065,1955,2060,2033.65,50363,993.5
13-06-2012,2048.75,2089.8,2035,2035,2048.3,11831,244.31
14-06-2012,2063.85,2063.85,2012.05,2020.1,2019.7,3375,68.47
15-06-2012,2021,2030,2002,2009,2012.65,27461,553.4
18-06-2012,2059,2059,1986,1999.95,2000,42442,849.21
19-06-2012,2009.95,2028,1996,2000.05,2001,30835,618.21
20-06-2012,2018,2048,2005.9,2040,2033.7,5048,102.33
21-06-2012,2033.7,2050.05,2010,2020,2022.35,3206,65.1
22-06-2012,2022,2043.8,2007.95,2020,2013.85,16722,338.78
25-06-2012,2018.95,2030,2001.3,2015,2016.7,5768,116.18
26-06-2012,2009,2030,2006.15,2015,2017.3,34034,686.81
27-06-2012,2026.9,2026.9,1997,1999,2003.25,57340,1154.87
28-06-2012,2010,2014.95,1999,2006,2007.1,8248,165.25
29-06-2012,2005.85,2040,2001.65,2020,2019.3,63505,1287.37
02-07-2012,2050,2060,2020,2025.3,2029.85,9352,189.73
03-07-2012,2005.5,2049,2005.5,2048,2038.65,198094,4016.37
04-07-2012,2018.5,2028.95,2005.25,2028,2022.15,4475,90.42
05-07-2012,2048,2048,2005,2005.1,2019.3,56456,1139.55
06-07-2012,2030,2030,2010,2020,2016.45,8229,165.95
09-07-2012,2005.05,2044,2001,2017,2015.7,3698,74.57
10-07-2012,2006,2048,2003,2040,2039.85,7750,157.98
11-07-2012,2040,2077.95,2031.95,2060,2061.45,7311,150.29
12-07-2012,2074,2074,2037.25,2050,2050.75,28401,580.9
13-07-2012,2054,2061.8,2028.35,2040,2040.65,2200,44.9
16-07-2012,2047.9,2064.4,2040,2060,2059.8,26500,545.35
17-07-2012,2075,2079,2050,2059,2056.7,9410,193.9
18-07-2012,2053,2072.5,2052.8,2068,2066.55,2017,41.58
19-07-2012,2068.2,2087.75,2065,2080,2079.75,5689,118.29
20-07-2012,2098.75,2104.95,2068.45,2073.95,2072.1,11758,244.44
23-07-2012,2050.3,2088.5,2049.9,2083,2073.85,26490,544.56
24-07-2012,2088.7,2118,2062,2115,2110.85,6719,140.64
25-07-2012,2109.8,2159,2077.1,2149.05,2150.05,37397,792.16
26-07-2012,2154.95,2186.95,2116,2120,2150.75,102872,2218.01
27-07-2012,2141.05,2160.5,2118.15,2133,2130.6,20386,436.23
30-07-2012,2133,2173.95,2110,2110,2124.4,8988,191.24
31-07-2012,2130,2130,2084,2091,2109.95,3256,68.6
01-08-2012,2123,2124.95,2073,2108,2104.35,8943,186.92
02-08-2012,2084,2147.8,2084,2128.9,2123.95,11158,234.81
03-08-2012,2096,2128.2,2096,2110,2111,2592,54.7
06-08-2012,2114.95,2140,2075.55,2083,2086.15,4145,87.48
07-08-2012,2073.3,2114.8,2073.3,2100.05,2100.2,6162,129.37
08-08-2012,2089.25,2118,2080,2088,2087.85,4021,84.14
09-08-2012,2150,2150,2088.05,2110,2105.3,13008,273.86
10-08-2012,2091.3,2119.25,2091.25,2115,2109.05,22291,468.21
13-08-2012,2091,2128,2082.4,2100,2100.15,15292,321.21
14-08-2012,2105,2135,2077,2102,2100.25,9749,204.79
16-08-2012,2110,2120.05,2085,2093.5,2094.85,38134,797.26
17-08-2012,2100,2122.9,2082,2090,2089,4107,85.88
21-08-2012,2090,2097,2075,2085.1,2085.05,83038,1727.53
22-08-2012,2095.85,2109.95,2081,2095,2089.1,6384,133.35
23-08-2012,2114.25,2125,2083,2116.95,2115.1,9034,190.06
24-08-2012,2115,2115,2082.4,2105.25,2093.75,8732,182.74
27-08-2012,2097,2114,2080.05,2089,2089.05,2985,62.35
28-08-2012,2084.5,2099.95,2084.5,2085,2085.65,1477,30.85
29-08-2012,2081.35,2099,2081.35,2097.95,2096.25,25813,540.38
30-08-2012,2082.15,2100.1,2068.9,2100,2093.2,16624,346.26
31-08-2012,2082,2153,2082,2100.25,2099.95,6435,136.16
03-09-2012,2128.95,2128.95,2090,2100,2099.1,4290,89.99
04-09-2012,2099.05,2121.95,2072.05,2100,2100.4,32126,674.5
05-09-2012,2104.95,2119.95,2084.8,2104.9,2100.3,4081,85.56
06-09-2012,2088.1,2106.5,2088.1,2100,2100,6369,133.77
07-09-2012,2108.55,2115,2091,2103.05,2099.85,3863,81.15
08-09-2012,2110,2119,2095,2119,2115.25,553,11.67
10-09-2012,2115,2235,2096.95,2209,2190.75,11500,249.22
11-09-2012,2199,2280,2190,2232,2224,32519,730.29
12-09-2012,2249.95,2279.8,2157,2165.8,2175.1,33091,729.48
13-09-2012,2180,2180.05,2110.6,2125,2120.05,9098,194.61
14-09-2012,2144.95,2145,2082,2090.15,2091.4,15540,327.31
17-09-2012,2122,2122,2002.1,2005.8,2006.05,164810,3368.38
18-09-2012,2018,2033,1990.05,1999.9,1999.35,47313,954.71
20-09-2012,1992,2015,1975,1977.95,1985.6,56120,1117.23
21-09-2012,1978,2000,1960,1973.45,1972.95,169188,3341.46
24-09-2012,1975.5,1999.7,1972.95,1981.3,1980.35,16829,333.21
25-09-2012,1993.4,1999.5,1977,1994,1987.2,18161,360.36
26-09-2012,1992.5,2009.95,1988,1988,1998.55,22765,455.34
27-09-2012,1999,2010.95,1949.4,1949.4,1958.05,29261,576.58
28-09-2012,1925,1995.95,1925,1978.6,1981.05,20579,404.13
01-10-2012,1975,2010,1961,2006,2003.15,11927,237.53
03-10-2012,1965.2,2024,1801.2,1983,1980.3,10619,212.05
04-10-2012,2000,2000,1938,1954,1952.1,12629,247.81
05-10-2012,1940,1955,1933,1935,1943.05,35432,690.17
08-10-2012,1950,1950,1933,1934.05,1936.65,6802,132.14
09-10-2012,1936.7,1960,1936.7,1955.75,1951.1,4545,88.73
10-10-2012,1974.9,1974.9,1945,1962,1962.4,13497,264.51
11-10-2012,1975,1975,1957,1970,1968.95,15259,299.52
12-10-2012,1970,1975,1959.95,1970.2,1969.7,7025,138.39
15-10-2012,1980,1984.9,1952.95,1980,1977.6,2529,49.95
16-10-2012,1975,1997.5,1975,1990,1991.9,8862,175.91
17-10-2012,2000,2000,1982,1993,1994.7,2822,56.23
18-10-2012,2000,2004.85,1962.9,1985.4,1991.5,20917,417.26
19-10-2012,1985.4,1999.05,1975,1991.05,1996.45,25275,504.19
22-10-2012,1952.1,2004,1952.1,2000,2000,35381,707.3
23-10-2012,1988.2,2001,1976,1995,1995.85,4218,84.08
25-10-2012,1997.65,2007.7,1990,2007,2003.8,49243,983.8
26-10-2012,2002.8,2015,1995,2000,1999.85,4367,87.39
29-10-2012,2005.95,2012,1995.05,2005,2004.4,18568,372.29
30-10-2012,2000,2008,1997,2005,2005,37374,749.34
31-10-2012,2005,2007.9,2003,2005,2005,25278,506.84
01-11-2012,2005,2010,2002,2005,2005.05,29531,592.16
02-11-2012,2005.5,2013,1992,2000,1998.2,43531,872.72
05-11-2012,1998.2,2009.65,1975,1980.6,1998.95,39082,781.02
06-11-2012,2009,2012.6,1986.1,2002,2001.45,5074,101.44
07-11-2012,1996,2005,1991,2001,2000,13612,272.14
08-11-2012,2000,2007,1995,2005,2004.65,15137,303.27
09-11-2012,2000,2024.9,1977.55,2006,2005.5,16252,326.74
12-11-2012,1996,2015.5,1989.95,2008,2010.9,58470,1174.64
13-11-2012,2025,2025,1991,1991,1999.05,1512,30.28
15-11-2012,1991.05,2004.9,1980,1980,1985.15,41958,833.85
16-11-2012,1986,2004.9,1986,1995.05,1997.2,7227,144.35
19-11-2012,2004.95,2004.95,1990,1998.05,1996.2,7414,147.83
20-11-2012,1995,2001.9,1990,1998.1,1999.55,32699,653.92
21-11-2012,1990.3,2005,1990.15,2005,2000.6,6041,120.82
22-11-2012,2002.95,2021,2000,2015,2016.2,28897,582.39
23-11-2012,2008.95,2009,1980.05,2000,2002.25,111717,2234.2
26-11-2012,2050.35,2282.6,2041,2048,2049.8,98738,2059.82
27-11-2012,2075,2090,2046.75,2050,2050.2,59189,1214.54
29-11-2012,2055.05,2110,2051.25,2055.4,2055.95,37406,775.61
30-11-2012,2080,2089.95,2045,2053.3,2050.1,11872,243.83
03-12-2012,2025,2059.6,2007.3,2023.9,2021.9,18330,370.08
04-12-2012,2025,2049.9,2011.05,2040,2041.35,10659,217.39
05-12-2012,2045,2070,2035.6,2043.85,2050.95,40658,833.94
06-12-2012,2057.8,2058.55,2037.15,2050.5,2050.95,5965,121.99
07-12-2012,2033,2079,2026.25,2046,2050.05,48405,992.9
10-12-2012,2059.85,2068,2045,2050,2050.15,51210,1050.17
11-12-2012,2050.2,2065,2045.05,2050,2050.35,70972,1455.07
12-12-2012,2057.9,2090,2039,2050.2,2050.15,21592,443.53
13-12-2012,2047.9,2097,2041.15,2073,2074.55,439582,9121.02
14-12-2012,2070.15,2093,2056.3,2065.05,2065.6,58384,1209.83
17-12-2012,2069.65,2079.95,2062.05,2074,2069.8,36359,752.46
18-12-2012,2069.95,2085,2063.15,2067,2069.95,27970,578.99
19-12-2012,2071,2075,2056.5,2074,2070.25,5659,116.95
20-12-2012,2090,2095,2068,2087,2087.6,44281,921.41
21-12-2012,2088,2090,2068,2081,2078.4,11257,234.23
24-12-2012,2078.95,2088.9,2068.45,2078.95,2082.25,10645,221.43
26-12-2012,2085,2090,2074.3,2080,2085.7,22274,463.39
27-12-2012,2087,2125,2087,2105.25,2113.25,38599,816.08
28-12-2012,2120,2129,2112,2120,2119.25,28484,603.27
31-12-2012,2125,2219,2104,2195,2168.05,31535,673.35
01-01-2013,2174,2185.5,2142.3,2147.75,2145.7,4894,105.86
02-01-2013,2150,2160,2122,2132.65,2140.15,13909,297.56
03-01-2013,2164.25,2165,2138,2138,2144.05,7555,162.46
04-01-2013,2145,2174.95,2132,2157,2160.05,7053,152.01
07-01-2013,2170,2195.05,2152.2,2181,2181.6,8806,191.28
08-01-2013,2174.95,2205,2170.3,2187,2186.6,26969,590.94
09-01-2013,2187.3,2195,2182,2190,2190.05,35356,774.31
10-01-2013,2187.7,2218,2168.15,2188.2,2190.25,50443,1104.96
11-01-2013,2196.65,2198,2175.5,2190,2190.45,6388,139.84
14-01-2013,2178,2200,2172.2,2188.05,2188.95,35903,785.51
15-01-2013,2183.05,2218.8,2170,2197,2200.9,44520,975.11
16-01-2013,2204,2219.8,2190,2198,2198.5,5566,122.6
17-01-2013,2193.05,2208,2178.05,2207.7,2203.05,3138,68.9
18-01-2013,2200,2207.4,2180,2186.6,2187.7,4637,101.72
21-01-2013,2187.95,2195,2165,2165,2173.95,9415,205.96
22-01-2013,2175,2179.95,2140.05,2141,2148.8,14738,319.4
23-01-2013,2169.9,2169.9,2098,2108.8,2102.25,4373,92.78
24-01-2013,2117.8,2117.8,2040.1,2052.95,2055.8,5195,107.76
25-01-2013,2040.05,2085,2005,2060,2054.1,176542,3618.93
28-01-2013,2055.4,2084,2030.25,2041.85,2043.1,3462,71.06
29-01-2013,2054.9,2082.95,2040,2046,2051.65,6039,124.57
30-01-2013,2051.95,2081.6,2050.1,2052.5,2052.9,4004,82.44
31-01-2013,2051,2067,2021.55,2041.9,2048.8,6959,142.32
01-02-2013,2031.05,2065,2015.15,2036.6,2043.5,5690,116.53
04-02-2013,2049,2095,2030,2041,2037,4539,93.01
05-02-2013,2050,2136,2026,2073,2079.2,14099,293.97
06-02-2013,2076.65,2087.3,2053.2,2069.25,2070.2,6634,137.37
07-02-2013,2080,2086,2052.8,2085,2079.1,29032,601.21
08-02-2013,2083.8,2125,2058,2104.95,2098.9,108370,2300.38
11-02-2013,2095.25,2113.85,2070,2075,2077.35,4755,99.46
12-02-2013,2092,2098.75,2050.05,2097.95,2094.2,3798,79.48
13-02-2013,2089.95,2110,2081,2095,2098.3,2741,57.42
14-02-2013,2088.15,2103,2076.25,2099,2096.7,2771,58.07
15-02-2013,2080.35,2130.3,2080.35,2098,2096.95,9027,190.18
18-02-2013,2075,2115,2075,2103,2097.1,2946,61.86
19-02-2013,2115,2140,2075.05,2107,2106.6,9027,190.01
20-02-2013,2125,2130,2100,2120,2119.05,5704,120.65
21-02-2013,2101.5,2119,2090.1,2096.5,2099.6,11497,241.36
22-02-2013,2105,2143.95,2087,2100,2099.65,6886,144.69
25-02-2013,2105,2118,2099.95,2100,2101.75,7983,167.93
26-02-2013,2099,2105,2090,2100,2097.95,20821,437.46
27-02-2013,2090,2102.8,2081.35,2100,2097.85,15598,327.22
28-02-2013,2105,2119.9,2097.05,2113,2110.95,8432,177.74
01-03-2013,2113.95,2114,2091,2100,2098.9,2687,56.39
04-03-2013,2075,2115,2075,2099.95,2099.6,25953,546.1
05-03-2013,2099,2117,2095.05,2114.05,2111.2,9322,196.65
06-03-2013,2115,2125,2099,2115,2111,43411,915.82
07-03-2013,2110.95,2119.95,2102.3,2115,2110.05,5322,112.32
08-03-2013,2110,2129.95,2103.05,2108,2116,27173,573.92
11-03-2013,2113.7,2140,2113.7,2124.2,2126.45,132770,2829
12-03-2013,2134.95,2138.05,2122,2127,2134.4,33311,709.54
13-03-2013,2134.95,2140,2112.2,2129.85,2133.25,57715,1229.28
14-03-2013,2117.05,2144,2115,2115,2117.55,3418,72.54
15-03-2013,2120,2140,2110,2122.8,2119.75,43362,919.35
18-03-2013,2120,2179,2110,2150,2160.4,10388,222.29
19-03-2013,2148.05,2175,2148,2150,2150.8,8389,181.22
20-03-2013,2151.05,2160,2145,2151.05,2151.35,27682,595.34
21-03-2013,2151.95,2166.8,2135.35,2162.75,2160.6,13108,282.92
22-03-2013,2175,2175,2148.05,2165,2169.15,33968,734.5
25-03-2013,2168.95,2185,2151,2153,2168.6,85954,1865.04
26-03-2013,2164.95,2210,2151,2190,2189.85,5352,116.64
28-03-2013,2189.8,2249,2164.95,2226,2205.25,15114,330.48
01-04-2013,2205,2239.95,2205,2220,2222,4493,99.85
02-04-2013,2230,2239.95,2216.25,2235,2229.9,3305,73.66
03-04-2013,2235.05,2298,2226.35,2265,2268.55,26199,594.46
04-04-2013,2241,2248.95,2190,2204.95,2200.95,12137,268.16
05-04-2013,2215,2215,2181.5,2203,2201.65,3684,80.99
08-04-2013,2200,2224,2198,2201.8,2200.1,4306,94.86
09-04-2013,2200,2213.95,2197,2204.95,2200.5,3903,85.9
10-04-2013,2200.1,2225,2195,2220,2217.55,43530,958.49
11-04-2013,2224.2,2250,2196,2205,2204.4,4597,102.56
12-04-2013,2205.05,2215,2200,2204,2201.6,3978,87.59
15-04-2013,2200,2213.95,2200,2204,2204.8,52342,1154.39
16-04-2013,2195,2213,2190,2202.95,2200.1,17960,395.53
17-04-2013,2200.25,2241.85,2200,2230,2225.15,7975,176.63
18-04-2013,2224.95,2224.95,2199,2204,2204.9,14085,311.1
22-04-2013,2223,2223,2201,2204,2207.05,5967,131.75
23-04-2013,2200,2212,2200,2205,2204.15,13826,304.75
25-04-2013,2204.05,2209.95,2202,2206.9,2203.35,17933,395.25
26-04-2013,2204.05,2213.95,2201,2208.95,2204.05,4594,101.28
29-04-2013,2204,2240,2201.1,2240,2216.65,9354,206.29
30-04-2013,2218,2285,2217.95,2258,2262.3,24942,564.25
02-05-2013,2262,2285,2245.05,2265.75,2269.75,24829,564.65
03-05-2013,2271,2294.6,2222,2279,2278.9,14298,323.31
06-05-2013,2270.75,2327.95,2270.5,2320,2309.65,12451,285.95
07-05-2013,2322,2522,2314,2380.05,2398.05,157430,3826.55
08-05-2013,2464,2464,2330,2355,2344.7,81636,1955.73
09-05-2013,2359,2369.85,2301,2310,2310.15,17722,410.25
10-05-2013,2315,2368,2302.25,2310,2323.35,12267,286.19
11-05-2013,2296,2334.95,2296,2297,2303.3,910,20.99
13-05-2013,2291,2370,2291,2322.4,2322.4,19470,455.33
14-05-2013,2358.8,2358.8,2298.6,2327,2328.7,13503,315.07
15-05-2013,2305,2358.45,2290,2302.2,2303.95,44164,1024.94
16-05-2013,2300,2348.45,2260,2270,2271.1,55120,1281.33
17-05-2013,2244,2341.05,2243.9,2301.05,2317.45,13829,316.18
20-05-2013,2301,2336.65,2277.3,2285,2282.55,7184,165.37
21-05-2013,2280,2309,2262.5,2280,2278.7,4072,92.72
22-05-2013,2293,2324.45,2280,2287,2287.85,13218,304.9
23-05-2013,2317.9,2317.9,2244.1,2293,2282.35,6798,153.74
24-05-2013,2267,2291.95,2259.95,2270,2273.5,2139,48.64
27-05-2013,2260,2282.4,2260,2273,2272.1,4274,97.2
28-05-2013,2263.9,2305,2242,2267,2266.05,6956,158.28
29-05-2013,2251,2314.45,2247.55,2273.95,2272.75,7449,169.35
30-05-2013,2250.1,2310,2250.1,2293,2293,32713,746.45
31-05-2013,2300,2550,2282.35,2480,2498.05,147027,3647.63
03-06-2013,2555.25,2898,2555.25,2661.1,2666.15,268158,7336.42
04-06-2013,2671,2810,2671,2751,2757.9,111663,3089.39
05-06-2013,2739.95,2739.95,2645.3,2673,2683.45,36104,975.49
06-06-2013,2690,2737.8,2650,2710,2706.15,25811,699.35
07-06-2013,2670,2732.2,2620,2646,2637.75,21172,567.53
10-06-2013,2640,2661,2490,2530,2514.45,32589,831.91
11-06-2013,2539.9,2540.05,2395.1,2411,2424.65,30337,744.1
12-06-2013,2391,2543.95,2378,2503,2506.4,49630,1236.02
13-06-2013,2494,2535,2455,2468,2470.5,15584,389
14-06-2013,2497.9,2514.5,2401,2429.95,2434.25,22099,542.85
17-06-2013,2435,2495.45,2434.7,2460,2449.65,13038,320.92
18-06-2013,2450,2475,2421,2449.95,2439.85,8079,197.78
19-06-2013,2432,2524,2424.05,2460,2467.9,23872,592.89
20-06-2013,2453,2519.9,2425.35,2515,2505.75,20753,514.88
21-06-2013,2507,2514.95,2432,2469.9,2484.75,29744,742.52
24-06-2013,2460,2490,2412.4,2419.45,2424.9,10408,255.25
25-06-2013,2410,2454,2380.1,2398.3,2396.4,28860,697.5
26-06-2013,2383.35,2392.15,2265,2335,2330.8,16873,391.12
27-06-2013,2355,2453.9,2305,2320,2329.7,11232,263.15
28-06-2013,2374.8,2374.8,2302,2332,2334.4,31013,721.69
01-07-2013,2335,2559.85,2335,2470,2476.9,32738,807.78
02-07-2013,2450.05,2519,2450,2475.3,2479.2,8259,205.28
03-07-2013,2480,2689,2480,2615,2618.8,115943,3037.64
04-07-2013,2614.75,2679.8,2600,2633,2619.95,32029,841.14
05-07-2013,2619.95,2651,2545.1,2546,2551.7,19419,502.31
08-07-2013,2558,2574.95,2510,2515,2530.1,10019,253.9
09-07-2013,2534,2570,2504.25,2513,2513.75,5330,134.81
10-07-2013,2524,2548.8,2485,2496.6,2494.8,4065,102.19
11-07-2013,2500,2529,2468,2480,2480.2,5633,140.43
12-07-2013,2461,2607,2453.05,2554.95,2553.55,41784,1069.29
15-07-2013,2532,2600,2532,2570,2579.8,14259,366.59
16-07-2013,2579.95,2643.9,2560,2592,2601,21935,573.38
17-07-2013,2624,2636,2549.5,2559.95,2575.65,12934,335.4
18-07-2013,2552,2588.05,2520,2550,2544.75,7292,185.92
19-07-2013,2545,2610,2520,2522.2,2527.1,8277,211.74
22-07-2013,2550.5,2564.95,2483.1,2500,2494.5,4761,119.62
23-07-2013,2500.05,2549.9,2476.05,2480,2482.3,6989,175.04
24-07-2013,2462,2499.8,2422.1,2450,2449.95,6929,170.26
25-07-2013,2496.5,2496.5,2420,2435,2436.25,8163,199.56
26-07-2013,2451,2470,2426,2465,2453.85,10490,256.48
29-07-2013,2453.85,2476,2414.85,2450,2449.65,7089,173.61
30-07-2013,2435.35,2457.8,2355,2360,2374.8,4799,115.77
31-07-2013,2360.05,2395,2301.3,2393,2368.15,6558,153.08
01-08-2013,2368.25,2424,2325.6,2335,2348.55,6746,159.55
02-08-2013,2347.15,2355.7,2242.4,2298.1,2282.85,12186,279.24
05-08-2013,2298,2320,2252,2270,2261.5,5297,120.81
06-08-2013,2212.3,2435.4,2182,2339,2320.45,21152,481.92
07-08-2013,2306,2414.95,2301,2400,2402.25,13891,330.29
08-08-2013,2357,2357,2302,2337.95,2331.85,15213,354.29
12-08-2013,2332,2347.95,2276,2277,2285.15,5172,118.85
13-08-2013,2271.15,2323.9,2270.05,2275,2277.8,3421,78.34
14-08-2013,2280,2321.95,2275.05,2295.95,2291.75,4338,99.72
16-08-2013,2275,2285,2251,2260,2265,2804,63.61
19-08-2013,2250,2350,2226,2279.9,2249.05,7981,179.59
20-08-2013,2251.4,2314.35,2190,2249.95,2237.65,18997,427.4
21-08-2013,2254,2283.8,2226.35,2244.95,2246.65,4152,93.6
22-08-2013,2228,2300,2206,2280,2274.8,197658,4409.49
23-08-2013,2295,2295,2238.05,2284.05,2289.2,2802,63.92
26-08-2013,2271,2325,2271,2319,2311.5,3206,73.78
27-08-2013,2344,2344,2239,2240,2256.65,7581,172.6
28-08-2013,2222,2280,2160,2265,2263.25,80503,1799.9
29-08-2013,2249,2300,2249,2297.95,2293.45,6835,155.83
30-08-2013,2285,2423.4,2282,2390,2350.9,13748,321.29
02-09-2013,2323.15,2398.95,2323.15,2336.05,2349.85,4526,107.36
03-09-2013,2333.05,2378.2,2270,2300,2290.4,6217,143.06
04-09-2013,2280.85,2320,2260,2260,2268.8,10907,248.14
05-09-2013,2289,2298.95,2239.95,2248,2253.85,6102,138.21
06-09-2013,2268,2283.95,2250,2250,2258.8,6072,137.68
10-09-2013,2266.8,2346.8,2266.8,2315,2322.5,7963,183.99
11-09-2013,2312,2435,2311,2399,2415.1,17612,421.46
12-09-2013,2400,2474,2380,2380,2402.4,14082,344.09
13-09-2013,2381,2402,2352,2360,2358.8,2701,64.02
16-09-2013,2384.45,2385,2313,2353.3,2352.9,8118,190.59
17-09-2013,2343.85,2364.95,2326,2349.9,2350.15,18182,427.2
18-09-2013,2357.2,2377.9,2340,2349.95,2349.45,29347,689.65
19-09-2013,2368.05,2378.55,2344.1,2350,2350.15,5592,131.52
20-09-2013,2345.2,2490,2345.2,2472,2465.6,31263,756.56
23-09-2013,2463.5,2492.75,2378.85,2392,2393.35,7124,172.11
24-09-2013,2378,2419,2378,2415,2402.3,7649,183.81
25-09-2013,2390,2438.95,2390,2431.1,2430.05,25915,629.59
26-09-2013,2430,2469.85,2409.95,2430,2432.2,10975,267.73
27-09-2013,2435,2458,2425.05,2426,2438,12111,294.73
30-09-2013,2433,2500,2425.1,2500,2468.05,22475,549.45
01-10-2013,2468,2487.95,2435.05,2474,2475.1,22269,551.09
03-10-2013,2487,2494.85,2455,2476,2473.3,7140,176.89
04-10-2013,2473.25,2489,2470,2475,2475,6282,155.47
07-10-2013,2485,2508,2474,2490,2493.95,7401,184.59
08-10-2013,2475.05,2493,2450.05,2480,2480.75,37317,926.07
09-10-2013,2470,2495,2470,2490,2486.25,13895,345.22
10-10-2013,2485.9,2509.9,2476.1,2490,2489.85,14661,365.05
11-10-2013,2498.6,2500,2475,2480,2480.2,29265,726.88
14-10-2013,2480,2492.55,2451.2,2475,2479.45,26231,650.13
15-10-2013,2480,2484,2465.2,2477.05,2478.95,17143,424.06
17-10-2013,2465,2491,2465,2482.2,2481,34141,846.67
18-10-2013,2490,2520,2460,2480.05,2479.4,22720,563.71
21-10-2013,2475.1,2484,2469.95,2479.9,2479.65,7431,184.2
22-10-2013,2477.9,2505,2471.35,2483.75,2480.05,6684,165.86
23-10-2013,2499.35,2499.35,2475,2479.9,2479.9,4272,105.97
24-10-2013,2472.05,2489,2401,2420,2419.25,72823,1775.35
25-10-2013,2402,2443.95,2402,2420,2419.65,20662,500.09
28-10-2013,2375,2433,2375,2427.3,2419.45,6803,164.33
29-10-2013,2420,2444.95,2420,2435,2434.85,1481,35.97
30-10-2013,2423.75,2462.4,2423.7,2444.95,2435.15,8564,209.02
31-10-2013,2424,2441.65,2421.5,2430,2431.35,5067,123.15
01-11-2013,2460,2493.9,2435.25,2473,2481.45,24346,603.01
03-11-2013,2470,2515,2455,2455,2461.55,1365,33.84
05-11-2013,2431.05,2498.9,2431.05,2480.3,2482.4,6370,157.63
06-11-2013,2452.25,2515,2452.25,2500.6,2501.1,6610,164.59
07-11-2013,2503.75,2503.75,2465,2486.8,2489.9,4125,102.6
08-11-2013,2477,2498,2469.05,2478,2487.8,5125,127.39
11-11-2013,2500,2500.85,2417,2478.95,2474.3,37213,917.97
12-11-2013,2435.05,2486.2,2435.05,2475,2470.05,12750,315.17
13-11-2013,2450,2487.35,2381,2396,2410.2,16008,390.83
14-11-2013,2419,2441.8,2399.9,2413,2410.3,11891,287.09
18-11-2013,2401,2427,2401,2418.5,2416.2,20000,483.42
19-11-2013,2401,2439,2401,2420,2420.05,11693,282.99
20-11-2013,2425,2430.7,2406,2406,2414,84570,2046.58
21-11-2013,2405,2420.6,2401.05,2408,2405.8,96337,2317.96
22-11-2013,2401.1,2420.1,2399.15,2406,2405.95,8160,196.52
25-11-2013,2399.85,2417,2399.4,2400.05,2405.5,19811,476.54
26-11-2013,2424.95,2424.95,2385,2390,2396.35,14318,343.51
27-11-2013,2398.5,2398.5,2383.25,2389.95,2390.05,5339,127.64
28-11-2013,2377,2409,2377,2390,2389.95,14319,343.55
29-11-2013,2380.65,2513,2380.65,2470,2495.7,40853,1004.14
02-12-2013,2495,2624,2483,2525,2523.25,45981,1181.67
03-12-2013,2512.5,2637.95,2512.5,2600,2594.35,33640,873.45
04-12-2013,2574,2619.65,2555.2,2560,2572.4,22349,576.49
05-12-2013,2600,2600,2497,2500,2557.75,125386,3215.99
06-12-2013,2539.55,2540,2492.65,2520,2522.6,81525,2057.7
09-12-2013,2535,2596.85,2500,2517,2510.8,16335,412.24
10-12-2013,2510,2510,2475,2490,2489.2,8080,201.72
11-12-2013,2471.05,2487.85,2460.05,2465,2469.65,10087,249.41
12-12-2013,2451,2472,2425,2440,2432.15,13809,338.39
13-12-2013,2445,2508,2433.05,2460,2460.15,299270,7391.65
16-12-2013,2952.15,2952.15,2900.05,2925,2925.6,555539,16270.55
17-12-2013,2951,2964,2931.55,2946.5,2949.55,175858,5178.29
18-12-2013,2949,2950,2941.75,2945,2943.15,50963,1500.72
19-12-2013,2940,2948,2935.5,2938.1,2937.25,50499,1484.6
20-12-2013,2935.5,2940,2926.1,2930.6,2930.75,86875,2546.43
23-12-2013,2933.8,2942,2931,2935.5,2936.6,26371,774.37
24-12-2013,2939.65,2955,2932.8,2953,2951.95,24293,715.82
26-12-2013,2950.05,2966.7,2950,2954.15,2954.6,41501,1226.26
27-12-2013,2960,2960.7,2952.05,2958,2958.1,67383,1993.31
30-12-2013,2960,2986,2958.15,2976.5,2975.25,76963,2282.36
31-12-2013,2975.25,3002,2975.25,2999,2998.3,50516,1513.35
01-01-2014,3001.45,3005,2970,2989,2990.45,11285,337.79
02-01-2014,2989.1,3000,2978,2986,2986.05,13158,393.03
03-01-2014,2980.6,2992.1,2980.6,2989.95,2986.15,6421,191.76
06-01-2014,2986,2994.9,2983.6,2984,2985.05,24304,726.15
07-01-2014,2988.15,2988.15,2976.4,2976.4,2979.05,85922,2560.58
08-01-2014,2976.4,2982.15,2973.1,2974,2974.2,23178,690.32
09-01-2014,2977.2,2977.2,2960.45,2962,2961.85,219998,6525.82
10-01-2014,2964.95,2981.45,2962,2965,2965.15,217962,6465.82
13-01-2014,2970,2988.9,2965.1,2985,2984.7,123548,3683.9
14-01-2014,2987,2990,2976,2977.25,2978.15,97631,2908.84
15-01-2014,2981.25,2987.95,2974.1,2977,2978.05,49526,1474.8
16-01-2014,2975,2979.95,2969.1,2972,2971.3,366476,10888
17-01-2014,2971,2979.7,2970.5,2976,2977.25,15101,449.37
20-01-2014,2977.25,2981,2972.5,2978,2977.9,69697,2075.64
21-01-2014,2980,2980.5,2975,2976.85,2977.85,54476,1622.36
22-01-2014,2975.1,2982,2970,2974.5,2974.7,204983,6092.03
23-01-2014,2975,2979.4,2970.25,2979,2978.3,34345,1022.58
24-01-2014,2979.95,2989.9,2972.05,2982,2983.05,26020,775.22
27-01-2014,2973,2983,2973,2979.85,2977.4,43333,1290.44
28-01-2014,2975,2984.65,2975,2977.2,2978.7,28070,836.17
29-01-2014,2979,2980,2972,2973,2973.65,31967,951.08
30-01-2014,2965,2983,2965,2980,2978.35,39275,1169.58
31-01-2014,2981.45,2991,2977.05,2984,2984.1,19548,582.84
03-02-2014,2977,2995,2977,2988,2986.35,62980,1878.74
04-02-2014,2985.15,2990.05,2982,2983.6,2984.85,75837,2264.05
05-02-2014,2982.05,2986,2980.05,2982,2982.6,143246,4273.52
06-02-2014,2985.6,2985.6,2965.15,2970,2969.9,95503,2839.08
07-02-2014,2976,2980,2968.4,2975.3,2972,249182,7401.8
10-02-2014,2975,2987.6,2967,2982.5,2981.9,105437,3140.97
11-02-2014,2980,2986,2980,2984,2982.85,137099,4089.39
12-02-2014,2982.4,2985,2982.05,2984,2983,85521,2551.7
13-02-2014,2986.05,3012.9,2983.15,3002.5,3003.7,61061,1833.19
14-02-2014,3003.7,3012,3000.1,3009,3008.65,19198,577.15
17-02-2014,3008,3017.7,3005,3016,3013.4,37752,1136.68
18-02-2014,3012,3021.5,3012,3018,3017.6,80980,2443.5
19-02-2014,3016.5,3020.95,3005,3006.5,3009.25,58592,1765.5
20-02-2014,2998.05,3020,2998.05,3018.55,3017.45,75467,2275.96
21-02-2014,3019.9,3034,3016,3028,3028.05,66257,2001.87
24-02-2014,3019.05,3034.9,3019.05,3034.9,3030.9,27780,841.76
25-02-2014,3025.25,3038,3025.25,3037.5,3036.5,29392,891.82
26-02-2014,3036,3048.95,3035,3048.8,3045.75,112596,3424.15
28-02-2014,3035,3049,3025,3047,3045.15,186789,5687.1
03-03-2014,3040.25,3054.5,3040.1,3053,3053.05,203759,6212.02
04-03-2014,3047,3047,2892.05,2966,2966.45,47682,1408.41
05-03-2014,2930,2964.95,2721,2725,2744.8,94828,2686.27
06-03-2014,2700,2745,2651,2670,2676.45,67173,1811.98
07-03-2014,2675,2690,2635,2635,2648.35,33544,891.92
10-03-2014,2632,2655.55,2490.4,2504.75,2508.8,63861,1625.6
11-03-2014,2490,2555,2432,2436,2441.9,104380,2590.74
12-03-2014,2450,2489,2434.95,2467,2477.75,49820,1229.06
13-03-2014,2426.3,2544,2426.3,2535.1,2533.75,60304,1509.66
14-03-2014,2535,2618.9,2535,2610,2605.75,52837,1368.16
18-03-2014,2605.75,2674.95,2601.15,2659,2651.9,39859,1055.21
19-03-2014,2675,2677,2639,2655,2650.5,450665,11946.84
20-03-2014,2655,2663.85,2630.25,2637,2637.5,175024,4625.75
21-03-2014,2635,2636,2560.3,2569.9,2568.9,35599,918.72
22-03-2014,2569,2610,2558,2610,2596.4,1505,38.92
24-03-2014,2600,2600,2544,2555,2552.9,17210,441.08
25-03-2014,2530,2568.9,2530,2550,2550.15,26227,669
26-03-2014,2552.1,2570,2543.7,2560,2550.15,29540,753.25
27-03-2014,2545.05,2593,2545.05,2572,2573,20108,517.12
28-03-2014,2570,2596.95,2558.1,2595,2588.75,9171,236.77
31-03-2014,2600,2620,2570,2571.1,2573.2,20774,537.12
01-04-2014,2575,2605.05,2570,2576.75,2580.9,16053,414.86
02-04-2014,2577.05,2619.95,2577.05,2590,2589.95,38619,1001.81
03-04-2014,2587,2587,2549.75,2569.95,2571.1,9562,245.35
04-04-2014,2560.1,2595,2549,2552,2562.85,22584,580.55
07-04-2014,2589,2589,2539,2549.9,2548.55,8308,211.76
09-04-2014,2568,2580,2530.05,2534,2545.25,9814,250.85
10-04-2014,2539,2564.95,2527,2529,2534.95,6767,172.35
11-04-2014,2549,2549,2528.3,2532.05,2536.4,7747,196.59
15-04-2014,2525.05,2548,2488,2500.5,2500.95,10621,266.1
16-04-2014,2501.1,2530,2500,2518,2503.85,5544,139.29
17-04-2014,2503,2548,2455,2498,2491.55,25668,641.03
21-04-2014,2530,2535,2475.3,2481.65,2489.25,20901,522.32
22-04-2014,2488,2547.95,2475.25,2480,2482.35,16518,414.31
23-04-2014,2485,2528,2430.1,2450,2457.1,15957,395.27
25-04-2014,2450.65,2487.7,2431.55,2445,2442,10135,248.35
28-04-2014,2435.15,2449.4,2415,2420.95,2419,10944,265.68
29-04-2014,2419,2433,2412.25,2431.4,2430.45,6435,156.17
30-04-2014,2430,2499,2429.95,2470,2466.3,38883,958.91
02-05-2014,2466,2488.95,2438,2449.4,2449.4,16374,401.26
05-05-2014,2463,2463,2415,2417,2420.65,9905,240.34
06-05-2014,2411.15,2435,2365,2383,2380.55,17679,424.57
07-05-2014,2381,2412,2370,2383.95,2376.45,5853,139.76
08-05-2014,2370.4,2444.7,2370.4,2401,2402.95,8567,205.45
09-05-2014,2382,2417,2365,2410,2386.95,12650,303.23
12-05-2014,2386.6,2405.05,2375,2393,2383.2,17718,422.78
13-05-2014,2376.05,2442.85,2376.05,2438.5,2435.55,18499,447.63
14-05-2014,2445,2450,2412.5,2440,2437.75,9444,230.18
15-05-2014,2415.05,2465,2415.05,2460,2459.45,10882,266.98
16-05-2014,2460,2511,2460,2482,2501.25,30312,753.27
19-05-2014,2510,2525,2481.05,2500.15,2504.05,22954,574.83
20-05-2014,2504.05,2530.45,2504.05,2520,2525,17634,444.68
21-05-2014,2525,2558,2511.45,2530,2549.55,5188,131.64
22-05-2014,2540,2572,2540,2557,2556.2,9455,241.85
23-05-2014,2572.65,2573.9,2500,2500,2516.1,7443,188.58
26-05-2014,2559,2559.9,2475,2475,2484.45,9996,249.93
27-05-2014,2463.05,2511.35,2430,2436,2453,4601,113.54
28-05-2014,2453.05,2485,2425,2439.4,2428.6,6079,148.37
29-05-2014,2438,2468,2421.05,2465,2453.25,4360,106.6
30-05-2014,2473.85,2473.85,2415.25,2430.3,2434.75,4158,101.21
02-06-2014,2478,2488,2436.05,2460,2461.65,4534,111.85
03-06-2014,2461.65,2475,2430,2448,2449.4,3913,96.05
04-06-2014,2438,2478,2438,2460,2446.25,6841,168.11
05-06-2014,2421.8,2478,2421.8,2458,2456.3,7298,179.23
06-06-2014,2460.05,2501,2459.1,2483,2490.8,10607,263.42
09-06-2014,2456.25,2501,2456.25,2474,2475.35,10202,252.88
10-06-2014,2490,2525.25,2475,2491,2494.85,8454,211.36
11-06-2014,2524.9,2524.9,2472,2486,2481.35,5225,130.32
12-06-2014,2482,2549,2482,2517,2514.7,15403,388.88
13-06-2014,2520.15,2543,2484,2486,2488.25,6464,162.27
16-06-2014,2484,2514,2460,2480,2478.55,4965,122.99
17-06-2014,2480,2512,2466.5,2476,2477.85,3850,95.63
18-06-2014,2480,2495.8,2475,2475.05,2477.05,3615,89.78
19-06-2014,2477.15,2490,2450.05,2460,2462.55,14904,366.7
20-06-2014,2451.05,2490,2451.05,2474,2477.9,5029,124.26
23-06-2014,2477.9,2500,2470,2486.9,2485.3,6178,153.35
24-06-2014,2474,2504.65,2474,2483,2486.75,5757,143.27
25-06-2014,2489,2498.3,2467,2471,2473.75,2866,70.97
26-06-2014,2474,2489,2452.4,2465,2463.9,6529,160.79
27-06-2014,2463.95,2495,2463.95,2495,2490.7,3470,86.3
30-06-2014,2490.7,2529.8,2475.2,2507.3,2501.6,7553,189.49
01-07-2014,2500,2525,2485,2515,2499.7,4158,103.99
02-07-2014,2500,2545.05,2499,2520,2533.45,10660,269.24
03-07-2014,2535,2575,2535,2550,2551.95,33779,864.54
04-07-2014,2535,2575.05,2535,2550,2549.1,72222,1848.2
07-07-2014,2549.1,2565.05,2520,2559.9,2551.45,7650,194.69
08-07-2014,2562,2562,2500,2500,2508.55,6656,168.33
09-07-2014,2531,2531,2489.95,2510,2508.5,4263,107.15
10-07-2014,2492.05,2515.9,2440.5,2487.15,2481.5,12254,303.35
11-07-2014,2481.5,2512.5,2480,2500,2500.4,11765,293.64
14-07-2014,2500.4,2500.4,2465,2492,2488.2,3416,84.83
15-07-2014,2470.05,2509.9,2470.05,2503.8,2506.7,9909,247.66
16-07-2014,2503.1,2525,2497,2500,2499.95,1668,41.8
17-07-2014,2500,2510,2480.5,2500,2505.25,2437,60.93
18-07-2014,2490.1,2500.6,2468,2489.5,2491.25,4806,119.36
21-07-2014,2505,2505,2472,2491.2,2487.65,4231,105.09
22-07-2014,2487.65,2499.1,2468,2470.1,2472.75,7822,193.64
23-07-2014,2500,2500,2475,2492,2487.2,3462,86.12
24-07-2014,2499.9,2499.9,2473,2481.1,2482.25,3644,90.39
25-07-2014,2482.25,2495,2473,2481,2482.3,4083,101.31
28-07-2014,2498,2498,2476.15,2481.05,2491.45,4588,114.21
30-07-2014,2486.3,2495,2485,2494.5,2492.75,3448,85.94
31-07-2014,2493,2500,2476.15,2495,2495.55,3328,82.99
01-08-2014,2480.05,2492,2474,2480.05,2482.7,3270,81.1
04-08-2014,2491.8,2491.8,2450,2480.7,2480.9,4368,108.18
05-08-2014,2480.9,2494.8,2470,2487.7,2488.95,3559,88.41
06-08-2014,2480,2494,2475.5,2490,2491.85,3806,94.76
07-08-2014,2492.1,2525.05,2482.05,2506,2506.1,5649,141.31
08-08-2014,2514.9,2514.9,2492,2501.9,2500.6,5645,141.14
11-08-2014,2510,2514.9,2482.5,2500,2497.4,3264,81.45
12-08-2014,2497.4,2530,2451,2511,2518.7,19821,492.45
13-08-2014,2500.1,2518.25,2480,2498,2494.25,7911,197.55
14-08-2014,2500.25,2500.8,2476.4,2488.65,2491.75,4882,121.45
18-08-2014,2480,2508.45,2480,2490.15,2489.3,3631,90.52
19-08-2014,2490,2500,2482.2,2499,2492.05,3609,89.94
20-08-2014,2480.1,2530,2480.1,2511,2505.15,12168,304.45
21-08-2014,2515,2522.05,2490.1,2498,2501.7,6527,163.38
22-08-2014,2505,2528,2482,2493.95,2488.65,5841,145.52
25-08-2014,2480,2506.95,2465,2479.7,2479.95,9124,226.12
26-08-2014,2462.05,2490,2462.05,2477.45,2481,5414,134.19
27-08-2014,2489.9,2500,2473,2500,2497.4,5741,142.72
28-08-2014,2520,2525,2470,2491,2488.65,10625,264.89
01-09-2014,2488.65,2513,2481,2493.5,2493.95,7626,190.23
02-09-2014,2489,2511,2472.4,2504,2499.95,9197,229.58
03-09-2014,2480,2517.95,2473.05,2493,2494.2,13891,346.38
04-09-2014,2494.2,2494.2,2475,2487.5,2488.65,7943,197.39
05-09-2014,2477.15,2509.9,2470,2508,2503.2,19241,479.36
08-09-2014,2508,2572,2493.35,2536,2537.65,31996,813.66
09-09-2014,2547,2565,2500.1,2521,2521.8,24684,624.25
10-09-2014,2511.2,2535,2475.35,2514,2509,15901,397.27
11-09-2014,2514,2525,2475.75,2511,2512.25,17026,425.26
12-09-2014,2520,2530,2470.05,2507,2504.6,24889,620.54
15-09-2014,2502.2,2560,2476.2,2516,2524.65,56477,1420.66
16-09-2014,2521.2,2536,2487.95,2500,2497.1,183027,4607.26
17-09-2014,2511.2,2516,2475,2500,2504.1,33789,841.29
18-09-2014,2494.7,2515,2483.2,2515,2510.3,33639,841.17
19-09-2014,2511,2515.65,2490,2505,2500.85,51074,1276.94
22-09-2014,2486.45,2517,2486.45,2515,2510.75,9773,244.79
23-09-2014,2510.75,2610,2510.5,2529,2539.9,49034,1264.41
24-09-2014,2560,2685,2551.05,2675,2665.1,89703,2355.43
25-09-2014,2688,2700,2633,2681,2685.5,36217,966.59
26-09-2014,2679.6,2733.05,2643.7,2710,2705.3,26529,714.66
29-09-2014,2720,2770,2695,2760,2764.05,27239,747.88
30-09-2014,2751.15,2842,2751.15,2830,2826.75,26056,732.52
01-10-2014,2826,2858.65,2781.7,2790.3,2803.1,18931,532.04
07-10-2014,2790,2913.95,2755.05,2900.1,2886.9,40368,1145.78
08-10-2014,2900,2900,2790.2,2805,2807.6,15122,426.49
09-10-2014,2819,2819,2760.05,2790.05,2775.85,12224,339.92
10-10-2014,2774.35,2829.5,2701.15,2726.55,2718.8,14342,396.63
13-10-2014,2718,2769,2704.35,2739.8,2739.9,8371,228.61
14-10-2014,2741,2759,2710,2750,2744.3,10578,290.03
16-10-2014,2714,2740,2672.05,2686.95,2687.85,8639,233.11
17-10-2014,2672.05,2748.8,2645,2735.05,2702.25,6487,174.49
20-10-2014,2700,2748.8,2680,2738,2707.2,5344,144.76
21-10-2014,2698,2743.55,2689.95,2710,2716.45,4948,134.21
22-10-2014,2728.4,2728.4,2687.65,2706,2709.55,5294,143.25
23-10-2014,2720,2729.95,2700,2710,2704.1,3053,82.66
27-10-2014,2710.05,2720,2680.1,2700,2700.15,4374,118.02
28-10-2014,2711,2711.85,2689.8,2700,2701.45,6466,174.76
29-10-2014,2709.95,2710,2665,2683.95,2679.5,10936,293.03
30-10-2014,2675.5,2719,2671,2700,2705.8,4503,121.23
31-10-2014,2705.05,2726.95,2698.95,2721,2720,6901,187.58
03-11-2014,2717,2741.9,2692,2720,2732.8,5418,147.16
05-11-2014,2750,2820,2707.55,2790,2760.25,22840,628.05
07-11-2014,2830,2880,2765,2790,2790.85,29638,834.94
10-11-2014,2762.35,2839.9,2762.35,2800,2799.55,6545,183.33
11-11-2014,2824,2827.95,2745,2780,2766.05,13779,383.43
12-11-2014,2766.05,2908.6,2766.05,2841,2843.5,57117,1630.87
13-11-2014,2864.55,2887.9,2832.4,2840,2840.35,13291,378.36
14-11-2014,2849.85,2879.8,2833,2849,2849.25,10053,287.19
17-11-2014,2858,2860,2834.9,2845.4,2853.1,6019,171.64
18-11-2014,2841,2910.45,2841,2849,2849.75,12143,347.78
19-11-2014,2858.95,2938.85,2841.05,2916,2899.4,25823,750.31
20-11-2014,2900,2964,2900,2917,2926.3,16680,489.09
21-11-2014,2911.2,2984,2911.2,2941,2944.3,19944,588.53
24-11-2014,2950,2955.85,2920,2943,2939.8,5717,167.98
25-11-2014,2940,2940,2820,2906.85,2873.15,8133,233.98
26-11-2014,2883.95,2935,2863.05,2921,2907.75,18181,528.26
27-11-2014,2928,2965,2902.25,2935,2933.7,13024,382.33
28-11-2014,2949,2966.95,2920.1,2934,2933.8,9786,287.85
01-12-2014,2926.6,3035.05,2900.05,3025,2972.8,18192,537
02-12-2014,2985,3240,2967.6,3158,3172.1,70821,2231.66
03-12-2014,3152,3247,3152,3194,3210.5,25052,804.04
04-12-2014,3215,3240,3180,3189.8,3190.1,14174,453.92
05-12-2014,3221,3221,3181,3183.5,3193.95,7803,249.54
08-12-2014,3200,3240,3151,3200,3213.7,14651,470.43
09-12-2014,3236.95,3236.95,3150,3185,3159.2,7308,231.8
10-12-2014,3160.05,3188.95,3114.45,3184,3146,13966,439.33
11-12-2014,3125.35,3144.45,3065,3088,3091.05,11619,358.76
12-12-2014,3093.25,3155,3057.05,3135,3108.85,9830,305.55
15-12-2014,3109,3152.95,3046.4,3055,3062.5,9254,285.23
16-12-2014,3069.95,3080.05,2884.3,2950,2941.5,13654,404.99
17-12-2014,2931.35,2974.25,2850.1,2895.5,2876.1,15346,442.76
18-12-2014,2900,3025,2900,2974.7,2980.15,8640,257.76
19-12-2014,2963,3029.15,2950.05,3025,2986.25,5422,162.19
22-12-2014,3000.05,3037,2962.3,2985,2984.95,5547,166.04
23-12-2014,2985,3094.1,2985,3085,3075.05,10341,315.05
24-12-2014,3110,3148.9,3069,3138,3120.85,13594,423.5
26-12-2014,3122.05,3148.8,3074,3135,3117.85,7206,223.72
29-12-2014,3117.75,3195,3082.15,3178,3156.8,8321,260.65
30-12-2014,3145.2,3200,3115,3183,3187.3,9230,292.13
31-12-2014,3168,3219,3140,3186.1,3198.45,9955,318.01
01-01-2015,3179,3240,3156.1,3162,3169.9,7760,247.66
02-01-2015,3141,3188,3111,3120,3131.9,7296,229.53
05-01-2015,3135,3165,3117,3135,3136.15,4876,153.39
06-01-2015,3135,3174.95,3080,3154,3151.1,13599,427.37
07-01-2015,3147.95,3200,3145.35,3190,3180.1,26060,831.01
08-01-2015,3162.6,3249.9,3162.5,3200,3207.5,14308,459.43
09-01-2015,3219.85,3240,3156,3199,3192.65,9659,308.88
12-01-2015,3202.9,3240,3187.65,3191,3192.8,10159,324.74
13-01-2015,3195,3225,3163,3182.5,3183.95,4795,153.18
14-01-2015,3200,3209.85,3175.1,3200,3193.1,28123,899.46
15-01-2015,3194,3235,3150,3160,3175.15,13247,420.73
16-01-2015,3177.95,3223.95,3152.1,3200.05,3205.1,24227,774.77
19-01-2015,3225,3227,3165.1,3170,3173.8,6313,200.92
20-01-2015,3160,3185,3160,3164,3168.95,37306,1184.79
21-01-2015,3153.05,3169.95,3148.9,3159,3159.05,4481,141.56
22-01-2015,3151,3190,3126,3182.45,3154,5592,176.36
23-01-2015,3152.2,3525,3149.4,3344,3343.05,130958,4455.73
27-01-2015,3375,3550,3350.7,3447,3445.5,41759,1445.78
28-01-2015,3445.5,3469.95,3376,3387,3389.7,8693,296.24
29-01-2015,3370.05,3526.65,3370.05,3438,3444.55,21807,755.28
30-01-2015,3444.55,3483,3376,3400,3390.2,11954,408.57
02-02-2015,3391.1,3445,3371,3380,3383.2,11642,397.13
03-02-2015,3385,3425,3320,3350.05,3337.4,9705,326.38
04-02-2015,3342.05,3413.1,3341.1,3350,3349.45,9437,316.62
05-02-2015,3383.9,3388,3280,3283.05,3301.55,7580,253
06-02-2015,3321,3321,3255.05,3286,3295.95,5251,172.96
09-02-2015,3300,3324.9,3239.95,3300.05,3287.95,7639,250.25
10-02-2015,3301.45,3399,3221,3325,3322.55,11479,383.75
11-02-2015,3338.2,3338.25,3278.75,3294.05,3295.55,6459,213.29
12-02-2015,3301,3359.9,3164.3,3265,3253.4,30163,982.29
13-02-2015,3250,3318,3243,3263,3266.4,8092,265.44
16-02-2015,3251.25,3292,3228.6,3228.6,3247.6,5842,190.93
18-02-2015,3276,3284,3225,3242,3245.05,5925,192.51
19-02-2015,3225.5,3267,3191.4,3217,3221.3,8389,270.1
20-02-2015,3221.3,3236,3161,3179.3,3184.8,10264,327.45
23-02-2015,3152,3200,3111,3115,3131.05,10248,322.04
24-02-2015,3152,3152.05,3075,3111.7,3119.6,10417,323.51
25-02-2015,3107,3157.35,3056.05,3121.65,3105.1,17830,551.67
26-02-2015,3099,3127,3065.1,3101.1,3098.9,10399,321.98
27-02-2015,3101,3127.4,3079,3083.1,3099.95,9148,283.57
28-02-2015,3100,3129.9,3081.1,3100,3109.25,3802,118.25
02-03-2015,3130.95,3149.9,3060,3100,3090.4,10923,337.58
03-03-2015,3072.05,3125,3071.15,3115,3110.9,11322,351.61
04-03-2015,3140,3199.9,3081.1,3160,3139.6,10313,323.51
05-03-2015,3142,3319,3110,3273,3273.25,37837,1229.97
09-03-2015,3275,3399.6,3226,3330,3314.9,25566,853.25
10-03-2015,3323.95,3398,3231,3370,3343.9,16066,534.22
11-03-2015,3335,3380,3301,3307,3359.35,50466,1692.73
12-03-2015,3360,3361.95,3280.05,3301.5,3302.05,9683,320.26
13-03-2015,3315.8,3363,3290.75,3305,3304.75,17375,575.21
16-03-2015,3300,3333,3230,3252,3286.4,28894,948.71
17-03-2015,3299,3310,3240,3252,3261.6,11247,368.08
18-03-2015,3261,3329.25,3129.6,3277,3278.1,20994,687.48
19-03-2015,3260,3325,3250,3254.9,3264.15,14307,470.63
20-03-2015,3272.15,3308,3182.4,3270,3255.05,21131,683.64
23-03-2015,3286.4,3303,3205.6,3287.2,3283.15,10540,345.43
24-03-2015,3249.95,3305,3214.2,3246,3252.75,17056,557.54
25-03-2015,3270,3300,3252.2,3299,3283.85,12925,423.73
26-03-2015,3275,3299,3230.1,3285,3262.75,8048,262.07
27-03-2015,3300,3340,3240,3275,3274.15,16217,531.75
30-03-2015,3300,3348.95,3269.95,3269.95,3285.2,17151,565.56
31-03-2015,3266.45,3498,3265.35,3460,3425.65,54614,1854.37
01-04-2015,3450,3450,3312.5,3342.05,3353.25,22876,768.4
06-04-2015,3340,3389,3331,3370,3360.1,14965,502.18
07-04-2015,3386,3419.55,3351,3358.05,3358.9,17693,597.58
08-04-2015,3375,3400,3339,3365.95,3359.5,19455,654.13
09-04-2015,3365,3386,3326,3336.1,3340.85,8829,295.66
10-04-2015,3348.95,3384.95,3265.5,3316,3314.3,12563,418.52
13-04-2015,3315,3371.9,3286.65,3361,3349.75,9818,327.89
15-04-2015,3375,3390,3320.55,3339.95,3342.95,8469,282.81
16-04-2015,3343.95,3351.05,3300,3300.2,3312.75,9131,302.68
17-04-2015,3305.85,3318.15,3250,3260,3273.45,10588,347
20-04-2015,3281.6,3281.6,3180,3180,3198.4,11175,357.9
21-04-2015,3209.95,3228.95,3175,3190.5,3190.5,12227,390.82
22-04-2015,3206.25,3269.85,3156.4,3195,3199.85,31043,999.84
23-04-2015,3225,3226.5,3174.6,3181.2,3197.2,4807,153.66
24-04-2015,3209,3215.95,3020,3097,3062.65,24186,747.4
27-04-2015,3107.15,3108,2961,2977,2996.05,10090,303.19
28-04-2015,2962.35,3085,2962.35,3037.5,3038.85,14302,431.86
29-04-2015,3001,3165,3001,3140.1,3140.05,10203,316.56
30-04-2015,3150,3379.7,3070.1,3360,3183.4,19098,605.96
04-05-2015,3205,3325,3160,3177,3175.25,12936,415
05-05-2015,3175,3249.9,3160.65,3220,3235.5,10543,338.74
06-05-2015,3235,3269,3150,3196.5,3198.1,8374,266.88
07-05-2015,3168,3220,3102.5,3197,3173.25,9566,300.79
08-05-2015,3164.75,3200,3155,3180,3185.5,4305,137.04
11-05-2015,3205,3232,3157.1,3189.95,3187.45,15244,486.07
12-05-2015,3201,3228,3162.05,3220,3193,6306,200.58
13-05-2015,3194.5,3224.95,3170.7,3195,3195.4,6108,195.12
14-05-2015,3186.6,3248,3169.95,3212.05,3225.4,4269,137.04
15-05-2015,3230,3259,3192,3245.5,3240.2,7148,230.92
18-05-2015,3235.95,3340,3211,3230,3279.45,21522,704.08
19-05-2015,3243.35,3285,3225,3246,3251.4,5905,192.12
20-05-2015,3274,3274,3200,3201.85,3209.5,7495,241.25
21-05-2015,3209.95,3225,3180.1,3218,3210.75,3420,109.32
22-05-2015,3220,3225.7,3181,3183.05,3192.15,4636,148.35
25-05-2015,3192.15,3216.05,3180,3195,3197.75,3489,111.56
26-05-2015,3182.15,3210,3155,3210,3191.5,4474,142.46
27-05-2015,3156,3199.9,3125,3155,3167.6,7988,252.64
28-05-2015,3176.95,3230,3145,3190,3200.85,8671,276.71
29-05-2015,3195,3240,3185,3225,3228.1,8064,259.1
01-06-2015,3196,3265,3130.65,3250.1,3247.25,10832,348.8
02-06-2015,3254,3309.3,3224.1,3305,3297.75,21970,720.23
03-06-2015,3300,3300.85,3148,3233,3218.6,16525,529.81
04-06-2015,3212.65,3249.2,3156.15,3165,3183.9,13095,417.66
05-06-2015,3166.15,3239,3166.15,3199,3199.1,5493,175.85
08-06-2015,3153,3188.9,3151,3183,3180.4,5442,172.39
09-06-2015,3145,3239,3125,3237,3194.45,9820,311.06
10-06-2015,3201.15,3250,3190.05,3213.05,3224,6388,205.34
11-06-2015,3191,3240.55,3191,3216.9,3209,5164,165.55
12-06-2015,3155,3281,3155,3250,3233.35,6524,209.24
15-06-2015,3241.05,3273,3232.05,3249,3258.6,4179,135.77
16-06-2015,3265,3289.2,3240,3287,3279.25,3694,120.53
17-06-2015,3280,3362.9,3268.05,3314.2,3325.4,18091,602.78
18-06-2015,3349,3349,3294.95,3312.05,3313.55,7141,237.21
19-06-2015,3313.4,3330,3285.1,3325,3296.9,13817,455.99
22-06-2015,3292.2,3318.95,3265,3272,3277.3,8243,270.21
23-06-2015,3299,3305.85,3248.85,3279,3269.55,9256,303.12
24-06-2015,3275.15,3295.75,3245,3245.05,3261.15,9064,295.64
25-06-2015,3261.85,3274,3245,3251,3263.4,4451,145.13
26-06-2015,3261.95,3299.9,3216.6,3286,3287.6,6752,220.34
29-06-2015,3236,3299,3204,3280,3287.1,7011,227.54
30-06-2015,3255.05,3400,3255.05,3365,3348.1,41103,1356.2
01-07-2015,3360,3360,3304,3349,3323.45,9350,310.98
02-07-2015,3323.45,3360,3309.95,3357,3352,7144,238.37
03-07-2015,3352,3360,3313.65,3345,3347.4,5896,197.08
06-07-2015,3300,3357,3300,3354.8,3353.55,7234,241.31
07-07-2015,3359.75,3434,3335,3376.1,3406.35,11452,387
08-07-2015,3375,3565,3352,3455,3460.95,28669,993.34
09-07-2015,3460.95,3525,3401,3410,3417,14653,505.64
10-07-2015,3427.05,3458.95,3380,3397,3403.65,7393,251.93
13-07-2015,3433,3433,3385,3395.4,3410.25,6004,204.76
14-07-2015,3450,3470,3400,3414,3417.15,10862,373.16
15-07-2015,3387.1,3455,3387.1,3426,3423.95,12549,430.8
16-07-2015,3429,3445.85,3403.4,3428,3420.9,5940,203.58
17-07-2015,3444,3449,3400,3422,3418.7,13274,453.03
20-07-2015,3418.05,3445.05,3378,3385,3395.75,20775,706.74
21-07-2015,3370.05,3423.95,3365,3370,3378.9,7847,265.65
22-07-2015,3383.9,3441,3370.15,3430.1,3436.9,11809,402.32
23-07-2015,3398,3411,3356,3400,3403,15158,514.5
24-07-2015,3370,3399.5,3365,3384,3388.6,5267,178.07
27-07-2015,3388.5,3405.5,3355.8,3382,3382.3,3528,119.13
28-07-2015,3383.45,3419,3326,3394.65,3392.35,10384,349.64
29-07-2015,3421,3485,3392,3440,3445.05,12381,427.29
30-07-2015,3450,3574,3440,3545,3531.75,58311,2053.8
31-07-2015,3565,3565,3453,3539,3522.3,18956,664.57
03-08-2015,3490,3675,3471.1,3600,3592.5,29823,1064.98
04-08-2015,3622,3725,3527.1,3672.1,3694.9,30037,1097.84
05-08-2015,3695,3825,3670.15,3747.95,3754.05,17112,641.62
06-08-2015,3765,3778.45,3700,3706.5,3730.55,6239,232.82
07-08-2015,3706,3730.05,3658.15,3661,3669.85,12326,452.66
10-08-2015,3661,3720,3576.9,3610,3616.9,16114,584.29
11-08-2015,3651.85,3651.85,3574,3604,3612.4,5627,202.8
12-08-2015,3612.4,3665,3580.1,3650,3626.9,5447,197
13-08-2015,3616.95,3645,3590,3630.05,3602.75,7160,257.99
14-08-2015,3600.35,3709.95,3599,3650,3679.7,9569,350.29
17-08-2015,3659.35,3675,3608.95,3608.95,3652.1,5740,209.7
18-08-2015,3652.05,3684.9,3652.05,3664.6,3664.6,3456,126.74
19-08-2015,3670,3698,3601.15,3635,3620.15,11968,434.73
20-08-2015,3632,3665.5,3590,3590.05,3604.15,5899,213.54
21-08-2015,3586.85,3622,3550,3574.35,3587.95,6546,234.04
24-08-2015,3518,3537.95,3377,3400.05,3409.1,14814,509.28
25-08-2015,3450,3499,3305,3374,3382.25,12066,404.54
26-08-2015,3450,3450,3337.55,3370,3377.5,6078,205.6
27-08-2015,3400.05,3440,3327,3379.5,3370.8,10795,364.59
28-08-2015,3370.8,3425.5,3366.05,3390,3393.45,8242,280.06
31-08-2015,3350.05,3443,3350.05,3397,3397.25,7579,258.16
01-09-2015,3370.05,3474.95,3331.55,3370,3379.5,18222,616.95
02-09-2015,3484,3484,3340,3370,3366.25,19023,643.9
03-09-2015,3389.9,3403,3355.5,3387.1,3389.2,7986,270.64
04-09-2015,3388,3395,3347.05,3380,3368.6,8036,270.05
07-09-2015,3360,3391.45,3330.4,3330.4,3345.05,3976,133.1
08-09-2015,3298,3369.95,3265.95,3302.3,3323.1,6039,199.49
09-09-2015,3335.1,3359.45,3292.9,3324,3319.85,6646,220.68
10-09-2015,3319,3394,3300,3354,3350.9,13155,439.47
11-09-2015,3315.2,3389.95,3315.2,3326.15,3333.75,14382,479.76
14-09-2015,3365,3370,3305,3330,3327,6301,209.81
15-09-2015,3327,3359,3301,3325,3325.5,9128,303.42
16-09-2015,3330.15,3344.85,3302,3308,3321.55,4407,146.25
18-09-2015,3364,3364,3305.6,3344,3349.3,26458,882.53
21-09-2015,3347.95,3384,3318.85,3350,3348.5,6407,214.9
22-09-2015,3373,3375,3330,3335,3347.65,4608,154.38
23-09-2015,3366.95,3385.05,3331,3342.6,3346.8,6165,206.42
24-09-2015,3322.55,3408.95,3322.55,3370.05,3371.55,10127,340.72
28-09-2015,3399.85,3399.85,3310,3315,3317.4,10312,342.96
29-09-2015,3325,3335,3315,3315,3325.75,4595,152.76
30-09-2015,3333.05,3398,3301,3375,3359.55,10565,353.43
01-10-2015,3375,3399,3333,3380,3363.95,10098,338.87
05-10-2015,3371.8,3397,3345,3352,3354.9,6096,205.01
06-10-2015,3359.85,3425.05,3335.2,3405.9,3373.55,10856,365.63
07-10-2015,3370,3435,3366.75,3380,3387.9,6583,223.13
08-10-2015,3423.95,3423.95,3332.35,3350,3365.75,9184,308.71
09-10-2015,3346,3388,3290,3305,3319.3,17698,590.46
12-10-2015,3330.55,3338,3305.1,3319,3318.45,9573,317.93
13-10-2015,3300.05,3328.55,3300,3300,3307.75,7039,233.24
14-10-2015,3300.1,3318.4,3289.45,3295.05,3300.15,9420,310.98
15-10-2015,3306.6,3335,3292.05,3300,3304.65,9053,299.02
16-10-2015,3323.9,3349,3310,3311,3323.55,10797,358.82
19-10-2015,3314.25,3337.1,3300.05,3313,3315.75,8291,274.84
20-10-2015,3317,3323.95,3295,3295,3300.1,8263,273.03
21-10-2015,3300.05,3315,3296.3,3301,3303.5,3985,131.67
23-10-2015,3290,3335,3280,3309.6,3321,8576,284
26-10-2015,3321,3335,3262.35,3281,3298.5,9037,298.1
27-10-2015,3300,3300,3265,3265,3282.65,7420,243.39
28-10-2015,3285,3310.95,3270.1,3276.5,3282.2,4711,154.81
29-10-2015,3275,3307,3254,3261.35,3276.75,4493,146.88
30-10-2015,3265,3345,3265,3289.6,3310.15,6087,200.53
02-11-2015,3272,3279.75,3161,3241.95,3240,26184,837.91
03-11-2015,3240,3271,3229,3229,3245.8,5640,183.29
04-11-2015,3245,3246,3223.3,3225,3231.75,5772,186.64
05-11-2015,3231,3244,3185,3198,3209.25,4317,138.48
06-11-2015,3209,3240,3177.5,3220,3212.45,5980,191.7
09-11-2015,3212,3240,3171.8,3235,3231.35,3736,120.24
10-11-2015,3228.95,3228.95,3130,3131.5,3140.2,13389,422.32
11-11-2015,3149.95,3181,3144.05,3170,3171.75,1323,41.9
13-11-2015,3152,3163,3135,3135,3154.25,5069,159.72
16-11-2015,3149,3150,3100,3120.05,3129.15,7075,221.31
17-11-2015,3132,3150,3077,3139.8,3129.1,13773,428.88
18-11-2015,3134.95,3150,3089,3110,3124.65,4803,149.62
19-11-2015,3100,3180,3100,3180,3151.85,9004,282.93
20-11-2015,3195,3224,3141.3,3202,3198.75,4779,152.21
23-11-2015,3220,3265,3172,3240,3232.4,4462,143.66
24-11-2015,3258,3264.95,3205,3244.65,3255.15,5580,181.02
26-11-2015,3222.25,3309.9,3222.25,3283.45,3284.65,5960,194.96
27-11-2015,3278.85,3311.05,3260.3,3278.95,3278.2,2640,86.71
30-11-2015,3283.05,3313,3210,3294,3296.25,4482,146.36
01-12-2015,3298.95,3320,3256.7,3300,3293.5,3785,124.48
02-12-2015,3293.05,3310,3275,3308.9,3305.7,5602,184.91
03-12-2015,3304.95,3305,3255.45,3257,3269.85,8626,283.29
04-12-2015,3267.4,3305,3237,3282,3284.8,4454,145.51
07-12-2015,3306.15,3316.5,3265,3275,3276.8,2900,95.14
08-12-2015,3312.5,3312.5,3240,3269,3281.6,4517,147.6
09-12-2015,3298,3300,3234,3290,3270.25,4997,162.89
10-12-2015,3289.95,3300,3230,3233,3250.45,6725,218.77
11-12-2015,3250,3267.95,3216.2,3234,3244.8,5392,174.43
14-12-2015,3245,3325,3216,3301,3304.1,7723,252.69
15-12-2015,3312,3330,3299.65,3307,3314.1,6030,199.5
16-12-2015,3329.45,3329.45,3151.15,3277.35,3299.4,25675,845.5
17-12-2015,3307,3309,3270.3,3290,3297.3,3708,122.06
18-12-2015,3274.95,3324.85,3251.2,3258.8,3275.35,6630,218.02
21-12-2015,3245,3295,3245,3275,3278.15,2533,82.97
22-12-2015,3277,3280,3246,3255,3269.95,4511,147.09
23-12-2015,3243.25,3325,3243.25,3285,3297.2,7677,252.32
24-12-2015,3264,3299.8,3264,3280.1,3295.45,2066,67.88
28-12-2015,3295,3324.8,3262.5,3294,3279.2,4240,139.5
29-12-2015,3279.05,3306,3271,3285,3297.05,32238,1063.38
30-12-2015,3305.95,3345,3275,3324,3324.2,30893,1019.53
31-12-2015,3323.95,3325,3287,3300,3314.05,11220,371.82
01-01-2016,3315,3317.15,3288,3290.15,3294.85,1950,64.33
04-01-2016,3277,3299,3244.95,3247,3258.2,5653,184.43
05-01-2016,3259.95,3299,3230,3285,3277.8,5485,178.69
06-01-2016,3258.25,3294.95,3252,3255,3277.05,3135,102.53
07-01-2016,3267,3273.85,3216,3222.55,3233.3,5982,193.13
08-01-2016,3225,3325,3225,3313,3295.5,9828,321.51
11-01-2016,3295,3295,3218,3219,3230.6,6218,201.69
12-01-2016,3220.05,3297.95,3220.05,3282,3270.05,6601,214.82
13-01-2016,3290,3310,3210,3292,3294.1,9048,295.46
14-01-2016,3289.5,3298,3210,3220,3233.1,6809,220.93
15-01-2016,3239.95,3254,3185,3190,3207.45,5288,170.16
18-01-2016,3161,3201.15,3144.9,3150,3162.25,7184,227.36
19-01-2016,3166.95,3300,3144,3157,3204.4,24887,794.17
20-01-2016,3168,3168,3101.2,3144,3142.85,11895,374.11
21-01-2016,3150.05,3168.4,3032.05,3047.4,3068.75,12227,375.12
22-01-2016,3074,3229,3055.1,3210,3159.65,10922,341.82
25-01-2016,3210,3212,3161.2,3184.05,3184.1,3208,102.37
27-01-2016,3194,3248.4,3160,3245,3230.65,3737,120.14
28-01-2016,3201,3248,3187.25,3226.95,3229.6,3367,108.32
29-01-2016,3221,3275,3211.15,3224.4,3236.4,5783,187.39
01-02-2016,3237,3312.7,3200,3300,3297.2,7952,260.85
02-02-2016,3295.9,3300,3236,3255.05,3262.2,15388,503.18
03-02-2016,3262,3262,3200.1,3205,3208.1,11349,364.49
04-02-2016,3210,3245.5,3182.35,3220,3226.8,4454,143.24
05-02-2016,3226,3348.8,3215,3320,3306.3,8560,278.81
08-02-2016,3290,3306,3252.65,3290,3296.6,2651,87.21
09-02-2016,3260.65,3289.3,3228.9,3240,3243.7,2173,70.71
10-02-2016,3241,3283.95,3220,3243,3244.7,6291,204.38
11-02-2016,3240,3240,3180,3204.2,3202.2,9254,297.75
12-02-2016,3236.95,3250,3117,3230,3222.25,6089,194
15-02-2016,3195,3246,3191.2,3211,3215.6,3736,120.18
16-02-2016,3186,3225,3155,3171.6,3179.8,3453,109.82
17-02-2016,3172,3248.5,3150,3229,3217.15,5743,183.3
18-02-2016,3240,3240,3186,3192,3205.2,7327,234.57
19-02-2016,3150.05,3248,3150.05,3236,3223.05,3088,99.04
22-02-2016,3222.95,3235,3178.05,3229.8,3228.3,3155,101.52
23-02-2016,3198.75,3245,3185,3218.5,3227.3,2917,93.78
24-02-2016,3218.95,3227,3180.15,3203,3213.8,12433,399.18
25-02-2016,3210.95,3210.95,3125,3138.9,3147.8,8685,274.08
26-02-2016,3147,3169,3118.3,3160,3146.1,5590,175.24
29-02-2016,3142,3202.75,3090.05,3202.75,3157.4,7043,221.2
01-03-2016,3157,3224.4,3156.95,3174.5,3196,7245,231.38
02-03-2016,3193.75,3277,3185.6,3260,3249,14065,452.19
03-03-2016,3232.15,3232.15,3180,3180,3198.5,6019,192.86
04-03-2016,3198.5,3270,3192.1,3248,3251.35,7148,230.88
08-03-2016,3215.05,3249.95,3190,3190,3204,5396,173.29
09-03-2016,3209.8,3259,3197.5,3243,3249.35,4502,145.48
10-03-2016,3227.8,3255,3205,3230.05,3230.95,4719,152.37
11-03-2016,3224.45,3270,3205.1,3248,3244.85,3970,128.45
14-03-2016,3229.95,3294.4,3205.35,3290,3259.9,4988,161.69
15-03-2016,3258,3748.9,3219.9,3281,3277.5,10897,362.58
16-03-2016,3277,3350,3240.5,3320.05,3325.05,13604,449.29
17-03-2016,3325,3388,3300,3371,3366.4,7450,249.09
18-03-2016,3365.95,3409.8,3333,3400,3399.6,8270,279.11
21-03-2016,3398.95,3535,3370.65,3515,3457.5,14728,506.32
22-03-2016,3461,3599,3409,3580,3539,18517,648.73
23-03-2016,3549,3719,3490,3706.5,3695.7,23748,863.27
28-03-2016,3700,3718,3595.05,3661,3698.05,12314,451.7
29-03-2016,3650.05,3747,3602.1,3744,3676.1,21017,767.73
30-03-2016,3676,3799,3663.2,3766,3772.95,20297,762.26
31-03-2016,3769.95,3872,3710.15,3810,3814.75,16038,608.66
01-04-2016,3802,3850,3767.55,3775,3811.1,8840,336.42
04-04-2016,3794.95,3804.95,3720,3732.1,3758.05,9820,368.71
05-04-2016,3749.95,3749.95,3681.75,3685.05,3705.6,3413,126.97
06-04-2016,3700,3736,3640.85,3723.8,3720.45,5705,210.69
07-04-2016,3679.75,3699,3651,3656,3675.3,5204,191.32
08-04-2016,3655.05,3698.45,3655,3683,3683.2,2469,90.81
11-04-2016,3651.5,3688.7,3641,3684,3677.65,3606,132.26
12-04-2016,3675,3691.2,3660,3675,3675.85,2777,102.12
13-04-2016,3680.85,3750,3671.2,3749.95,3737.45,6587,244.92
18-04-2016,3737,3740,3685,3700.6,3713.45,4194,155.97
20-04-2016,3690,3755.7,3670,3755.7,3710.5,5121,189.61
21-04-2016,3718.95,3733.05,3676.2,3692,3703.1,4758,176
22-04-2016,3704.05,3709.95,3650,3650,3666.55,5441,199.8
25-04-2016,3646.6,3680,3625.2,3652.5,3664.05,2337,85.49
26-04-2016,3624,3794,3624,3770,3745,8403,313.49
27-04-2016,3701.2,3818,3701.2,3765,3768.9,7064,265.49
28-04-2016,3764.35,3793,3720,3738.95,3746.7,5557,209.47
29-04-2016,3746,3775,3690,3724,3731.4,4364,162.95
02-05-2016,3730.3,3737,3662.45,3664,3672.55,8228,303.93
03-05-2016,3675,3676.9,3605,3605,3626.2,5190,188.96
04-05-2016,3639.95,3640,3540,3621.95,3627.7,7801,279.67
05-05-2016,3627.2,3628.95,3556.25,3623.95,3609.4,3960,142.36
06-05-2016,3609.05,3623.95,3565.15,3575,3582.25,2120,76.18
09-05-2016,3582,3605,3565,3599,3592.1,4881,175.17
10-05-2016,3592.05,3615,3505.5,3520.05,3533.85,7071,251.1
11-05-2016,3533,3598,3500,3598,3536.75,5510,194.16
12-05-2016,3537,3560.05,3439.95,3459.9,3467.65,15875,551.94
13-05-2016,3449.95,3465.7,3382,3450.1,3415.1,12560,429.41
16-05-2016,3415,3463.95,3415,3420,3435.4,4181,143.86
17-05-2016,3444.95,3444.95,3404,3405,3417.6,3474,118.86
18-05-2016,3435,3478,3376,3376,3388.7,7407,251.76
19-05-2016,3388.95,3399.5,3326.15,3334,3345.2,3609,121.26
20-05-2016,3349,3410,3349,3385,3390.9,2686,90.82
23-05-2016,3400,3406.95,3352.35,3355,3378.3,2593,87.72
24-05-2016,3378,3425.05,3350,3392,3403.55,3690,124.96
25-05-2016,3405,3526,3352,3526,3436,16457,564.5
26-05-2016,3475,3545,3440.45,3515,3505.7,10921,381.28
27-05-2016,3455,3620,3436.2,3560,3528.35,9321,326.92
30-05-2016,3482,3594,3482,3559,3572.25,5264,187.14
31-05-2016,3528.5,3569.4,3526,3560,3554.45,3945,140.15
01-06-2016,3554,3574.35,3525,3534,3532.3,3099,109.8
02-06-2016,3559.65,3574.2,3462.5,3536,3533.9,3614,127.2
03-06-2016,3532.95,3555,3506,3523,3538.6,2728,96.26
06-06-2016,3533.9,3549.5,3500.55,3505,3516.75,3359,118.3
07-06-2016,3532.95,3548,3485.4,3548,3524.8,3086,108.66
08-06-2016,3515,3528,3502.05,3507.55,3519.6,2579,90.65
09-06-2016,3501,3534,3485,3485,3504.6,2803,98.18
10-06-2016,3499.95,3515.05,3480,3490.3,3496.95,2053,71.79
13-06-2016,3496,3524,3466,3498.9,3498.55,1826,63.74
14-06-2016,3494.1,3499,3475,3498,3491.15,1930,67.34
15-06-2016,3498.95,3550,3475,3510,3519.3,3620,127.09
16-06-2016,3517,3518,3475,3498,3483.8,2903,101.23
17-06-2016,3485,3570.9,3485,3525.55,3527.45,5382,190.19
20-06-2016,3485.25,3514.45,3477.1,3485,3498.85,3041,106.37
21-06-2016,3498,3533,3482.3,3525,3514.3,7036,247.35
22-06-2016,3510,3548,3440,3447.85,3457.55,9345,325.46
23-06-2016,3457,3484,3401.35,3409,3416.2,10222,350.07
24-06-2016,3375,3490,3375,3478,3475.25,9981,342.76
27-06-2016,3475,3512,3436,3498,3490.15,4493,156.62
28-06-2016,3498,3512,3476,3510,3503.85,3236,113.2
29-06-2016,3510,3525,3465,3505,3499.75,3250,113.42
30-06-2016,3518.9,3525,3466,3470,3487.4,5556,194.29
01-07-2016,3504,3510,3450,3465,3468.9,12043,418.4
04-07-2016,3489,3515,3471.1,3498,3503.1,3180,111.03
05-07-2016,3503.1,3513.55,3480,3483.1,3495.15,3788,132.29
07-07-2016,3470,3545.05,3464,3525,3519.3,8984,314.17
08-07-2016,3519.3,3528,3481,3482,3487.8,2879,100.7
11-07-2016,3481.1,3530,3481.1,3513.6,3519.6,5622,197.61
12-07-2016,3522.3,3537,3500,3505.05,3512.6,5326,187.02
13-07-2016,3525.95,3530,3486.05,3486.05,3505.4,3612,126.81
14-07-2016,3505.4,3525,3491.3,3524,3522.05,3174,111.53
15-07-2016,3500.05,3500.05,3454,3460.05,3458.95,3913,135.7
18-07-2016,3475,3480,3399.85,3415,3412.4,4275,146.54
19-07-2016,3412.5,3448,3412,3440,3428.45,3343,114.56
20-07-2016,3436,3449,3381,3398,3401.1,4390,149.51
21-07-2016,3408,3425,3380.1,3390.15,3396.85,3266,110.98
22-07-2016,3397,3413.95,3380.1,3409.95,3399.1,2319,78.79
25-07-2016,3425,3430,3390,3412,3410.1,4116,140.39
26-07-2016,3411,3439.85,3370,3395,3390.85,5022,170.45
27-07-2016,3395,3411.4,3355.05,3363,3366.4,4292,145
28-07-2016,3393.85,3410,3325,3325,3346.5,15131,509.51
29-07-2016,3325.3,3360.05,3300,3300,3314.95,7355,244.67
01-08-2016,3324.5,3324.9,3212.6,3235,3222.55,12846,417.1
02-08-2016,3224,3272,3192.45,3198,3198.5,7453,240.44
03-08-2016,3199.55,3223.9,3100,3150,3142.65,10729,337.13
04-08-2016,3142,3198,3078.25,3086.6,3094.25,11966,372.54
05-08-2016,3094,3170,3094,3145,3140.5,6015,188.02
08-08-2016,3152,3156,3108.1,3125,3121.1,5913,184.56
09-08-2016,3121,3139.05,3100,3110,3108.2,6529,203.28
10-08-2016,3108,3149,3040,3060,3063.5,11650,358.78
11-08-2016,3060,3143.05,3051,3138,3119.8,4967,153.45
12-08-2016,3130,3140,3036.1,3111.65,3118.85,5148,160.15
16-08-2016,3118,3138.5,3045,3065.85,3050.9,11395,349.3
17-08-2016,3065,3176,3050,3172,3168.45,9423,295.26
18-08-2016,3176,3188,3101.5,3154.95,3143.05,6046,189.46
19-08-2016,3145,3160.05,3102.2,3120,3121.6,4058,126.71
22-08-2016,3121,3148.5,3066.65,3080.05,3075.6,5169,159.68
23-08-2016,3075,3110,3066.2,3066.2,3081.95,4126,127.58
24-08-2016,3081,3094,3041,3047,3051.15,11444,349.76
25-08-2016,3042,3056,2990.05,3005,3012.65,14145,428.82
26-08-2016,3013.05,3043.45,2971.4,2984.95,2981.7,12888,385.73
29-08-2016,2982,2995.4,2962.1,2983,2979.25,5939,176.75
30-08-2016,2970,3040,2969,3040,3010.45,4603,138.22
31-08-2016,3010,3323,2972.05,3036.6,3033.95,86171,2706.69
01-09-2016,3062,3089.95,2971.55,2981,2985.15,25854,777.71
02-09-2016,3000,3053.95,2965,2970,2974.05,19297,577.6
06-09-2016,2974,3019,2974,3009,3000.05,11029,330.27
07-09-2016,3024.8,3024.8,3001.4,3004.85,3010.6,6283,189.25
08-09-2016,3020,3020,2982,3000,3003.4,8677,260.43
09-09-2016,3003,3033,2990,3019.95,3001.05,5977,179.8
12-09-2016,2990,3008.45,2975,2985,2986.35,6391,190.74
14-09-2016,2986,3005,2950.1,2957,2957.25,12254,363.09
15-09-2016,2974,2999,2951.25,2965.05,2968.25,7047,209.12
16-09-2016,2985,2985,2799.95,2802.1,2826.45,343527,9749.12
19-09-2016,2836.35,2877,2836.35,2840,2841.5,20160,575.05
20-09-2016,2841.5,2850,2825,2836.8,2828.8,12004,340.05
21-09-2016,2828.8,2848,2801,2804.5,2810.55,13545,381.84
22-09-2016,2834.8,2835,2786.25,2793,2794.85,34401,963
23-09-2016,2800.05,2826.45,2793.35,2802,2805.25,41160,1156.24
26-09-2016,2808,2821.9,2790,2799.8,2798.35,56247,1577.2
27-09-2016,2819,2845,2795,2821,2822.9,15395,433.01
28-09-2016,2822.9,2850,2820,2850,2839.75,23206,658.35
29-09-2016,2850,2870,2775,2807.95,2807.25,62678,1763.03
30-09-2016,2807,2810,2752,2800,2780.95,35018,974.89
03-10-2016,2790,2828.8,2780.5,2810.05,2820.1,6986,195.83
04-10-2016,2815,2914.7,2813.35,2905,2868.35,10483,299.05
05-10-2016,2835,2880,2835,2872.45,2874.6,8863,254.09
06-10-2016,2897.95,2945.8,2851.5,2940,2918.9,11685,340.35
07-10-2016,2918.9,2945,2862.35,2914.2,2919.6,9347,271.65
10-10-2016,2919,2936.55,2900,2935.2,2927.3,6664,194.33
13-10-2016,2920,2949.9,2907.7,2927,2937.65,8918,261.32
14-10-2016,2935,2969,2920.55,2960,2956.25,16880,498
17-10-2016,2951,2999.9,2929.95,2971.05,2975.4,6113,181.08
18-10-2016,2956.35,2996.75,2956,2970,2971.1,5957,177.15
19-10-2016,2980,2990,2946.8,2970,2977.25,6402,190.35
20-10-2016,2989,3000,2960.05,2972,2980.4,7352,219.04
21-10-2016,2980.4,2980.4,2948.2,2969,2966.35,3797,112.43
24-10-2016,2966.3,2983.45,2933,2962,2961.8,5684,167.98
25-10-2016,2962,2966.65,2933,2964.8,2952.25,4439,130.82
26-10-2016,2944,2947.85,2904.8,2920,2924.95,5833,170.6
27-10-2016,2917.15,2945,2903,2913.05,2924.85,6875,200.81
28-10-2016,2938,2978,2894.9,2896.75,2910.1,11060,323.64
30-10-2016,2934.9,2950,2920,2948,2943.65,1513,44.46
01-11-2016,2971.9,2971.9,2822.95,2836.1,2856.2,11162,322.27
02-11-2016,2846,2888,2800,2817.1,2820.8,20893,593.71
03-11-2016,2822,2845,2775,2811.3,2818.3,14429,405.46
04-11-2016,2800,2878,2731.1,2848,2800.75,26638,739.98
07-11-2016,2810,2824,2760,2772.25,2786.7,9187,256.39
08-11-2016,2811.95,2811.95,2711.05,2720,2722.05,21865,597.06
09-11-2016,2701,2710.05,2610,2637,2654.55,26809,712.2
10-11-2016,2630.1,2667.3,2600,2614,2611.7,60014,1569.35
11-11-2016,2669,2669,2600,2648.95,2643.9,14704,387.05
15-11-2016,2688,2698,2600,2640,2658.3,11221,296.45
16-11-2016,2658.35,2694.95,2618.85,2675,2669.45,6805,180.48
17-11-2016,2679,2714,2641.35,2690,2695.5,6539,174.99
18-11-2016,2689.9,2739.9,2671.3,2723,2711.6,7160,193.48
21-11-2016,2711.6,2729,2668,2672,2689.5,6167,166.05
22-11-2016,2700.05,2700.05,2600,2610,2610.1,17780,467.09
23-11-2016,2619,2680,2614.05,2653.95,2656.3,4064,107.43
24-11-2016,2630.05,2682,2624.95,2648,2665,3785,100.44
25-11-2016,2648,2710,2612,2686,2678.5,21719,575.68
28-11-2016,2675,2740,2664.95,2728,2725.75,5994,162.45
29-11-2016,2725,2731,2675,2684,2684.3,9940,267.53
30-11-2016,2685.15,2730,2680.85,2720,2714.2,5145,139.12
01-12-2016,2712,2760,2630,2750.05,2683.7,18542,497.46
02-12-2016,2698.8,2748.5,2685.15,2710,2721.55,3856,104.62
05-12-2016,2727,2787,2703,2760,2773.5,8040,222.19
06-12-2016,2779.95,2780,2740.5,2765,2770.2,4432,122.43
07-12-2016,2771,2771,2705,2738,2734.65,8221,224.82
08-12-2016,2732.1,2765,2721,2721,2739.45,4023,110.1
09-12-2016,2725,2774.4,2725,2725,2738.05,5957,163.19
12-12-2016,2736.95,2744.95,2716,2726,2735.75,4206,114.96
13-12-2016,2746,2746,2706.85,2726.65,2735.85,5848,159.61
14-12-2016,2730,2759.8,2715,2741.6,2739.5,3585,98.09
15-12-2016,2736.5,2750,2708.75,2739.5,2741.25,5309,145.29
16-12-2016,2730.25,2747.95,2702,2712.35,2712.3,5916,160.84
19-12-2016,2734.95,2734.95,2670,2706,2712.95,5821,157.51
20-12-2016,2699,2719.6,2692,2700,2709.95,3394,91.86
21-12-2016,2717,2760,2692.05,2712.6,2724.35,17305,471.12
22-12-2016,2701,2721.9,2695.25,2705,2713.5,5413,146.71
23-12-2016,2709.9,2794.7,2700.7,2710,2727,11153,303.79
26-12-2016,2703,2740,2677,2715,2723.5,3953,107.15
27-12-2016,2722.95,2725,2683,2692,2701.75,10600,286.1
28-12-2016,2701.75,2718,2690,2698,2702.15,6050,163.44
29-12-2016,2702.05,2739,2691.95,2710,2727.9,7649,207.87
30-12-2016,2730,2740.45,2705,2730,2729.8,6513,177.65
